season,team_a,team_b,team_a_id,team_b_id,actual_team_a_win,actual_winner,actual_loser,winner_seed,loser_seed,actual_upset,regular_season_power_gap,team_a_power_rating,team_b_power_rating,factor_only_probability,power_baseline_probability,combined_probability,matchup_adjustment_probability_points,combined_prediction_correct,kenpom_netrtg_a,kenpom_netrtg_b,kenpom_netrtg_gap,kenpom_team_a_probability,model_team_a_probability,model_actual_winner_probability,kenpom_actual_winner_probability,actual_winner_probability_gap_pp,model_correct,kenpom_correct,model_predicted_winner,kenpom_predicted_winner,comparison_category
2021,Texas,Abilene Chr,1400,1101,0,Abilene Chr,Texas,14.0,3.0,True,-2.9872558278088803,6.28953378581825,9.27678961362713,0.5984353273056139,0.3454465703678361,0.3768175356828547,3.1370965315018595,True,20.31,10.11,10.2,0.8330981601444247,0.3768175356828547,0.6231824643171453,0.16690183985557527,45.628062446157,True,False,Abilene Chr,Texas,model_only_correct
2021,Purdue,North Texas,1345,1317,0,North Texas,Purdue,13.0,4.0,True,-1.217754182564022,5.4261391414108715,6.643893323974893,0.4680298620045872,0.4281351459947333,0.4358471724158986,0.7712026421165363,True,20.33,11.76,8.569999999999999,0.7933286968388253,0.4358471724158986,0.5641528275841015,0.20667130316117466,35.74815244229268,True,False,North Texas,Purdue,model_only_correct
2019,UC Irvine,Kansas St,1414,1243,1,UC Irvine,Kansas St,13.0,4.0,True,-0.3057880418634653,7.345936757255956,7.651724799119421,0.3756542835679527,0.4727120534803042,0.4646732922445135,-0.8038761235790781,False,9.16,20.06,-10.899999999999999,0.1428225689837958,0.4646732922445135,0.4646732922445135,0.1428225689837958,32.18507232607177,False,False,Kansas St,Kansas St,both_incorrect
2019,Liberty,Mississippi St,1251,1280,1,Liberty,Mississippi St,12.0,5.0,True,-0.6840735660538542,7.5553356755311825,8.239409241585037,0.5743537584747282,0.4541270813732239,0.4672775910015456,1.315050962832176,False,11.54,20.04,-8.5,0.1969707075394014,0.4672775910015456,0.4672775910015456,0.1969707075394014,27.030688346214415,False,False,Mississippi St,Mississippi St,both_incorrect
2023,Furman,Virginia,1202,1438,1,Furman,Virginia,13.0,4.0,True,-0.9481900156714717,6.732375219893768,7.68056523556524,0.4248982318452323,0.4412234501008286,0.4429404620527759,0.1717011951947289,False,8.01,16.37,-8.360000000000001,0.20056315754026136,0.4429404620527759,0.4429404620527759,0.20056315754026136,24.23773045125145,False,False,Virginia,Virginia,both_incorrect
2021,Ohio,Virginia,1325,1438,1,Ohio,Virginia,13.0,4.0,True,-2.367648206857652,5.245516312669892,7.613164519527544,0.4022232432784515,0.3736285385176968,0.3840261147056369,1.0397576187940127,False,10.47,21.42,-10.950000000000001,0.14183910913590647,0.3840261147056369,0.3840261147056369,0.14183910913590647,24.218700556973044,False,False,Virginia,Virginia,both_incorrect
2021,Loyola-Chicago,Illinois,1260,1228,1,Loyola-Chicago,Illinois,8.0,1.0,True,0.680733358667112,12.334168782767051,11.65343542409994,0.6448966015910804,0.521405687303165,0.5303491442528966,0.8943456949731532,True,24.32,29.06,-4.739999999999998,0.31013306962216136,0.5303491442528966,0.5303491442528966,0.31013306962216136,22.021607463073522,True,False,Loyola-Chicago,Illinois,model_only_correct
2021,Drake,Wichita St,1179,1455,1,Drake,Wichita St,11.0,11.0,False,6.477988775270447,8.53047777871484,2.052489003444393,0.9195272478003332,0.7740295765731873,0.776751040328816,0.2721463755628761,True,14.27,12.3,1.9699999999999989,0.5699549566429126,0.776751040328816,0.776751040328816,0.5699549566429126,20.67960836859034,True,True,Drake,Drake,both_correct
2021,Oral Roberts,Florida,1331,1196,1,Oral Roberts,Florida,15.0,7.0,True,-3.6217856380833098,1.3214641399563618,4.943249778039672,0.2759460025405632,0.3176705918555553,0.3248975439461558,0.7226952090600425,False,4.83,16.95,-12.12,0.1204032285656599,0.3248975439461558,0.3248975439461558,0.1204032285656599,20.449431538049588,False,False,Florida,Florida,both_incorrect
2021,Ohio St,Oral Roberts,1326,1331,0,Oral Roberts,Ohio St,15.0,2.0,True,5.917955264499952,7.239419404456314,1.3214641399563618,0.8674005696288913,0.75408960928052,0.7509626514804607,-0.3126957800059338,False,23.58,4.83,18.75,0.9519094681565794,0.7509626514804607,0.2490373485195393,0.0480905318434206,20.09468166761187,False,False,Ohio St,Ohio St,both_incorrect
2019,Murray St,Marquette,1293,1266,1,Murray St,Marquette,12.0,5.0,True,1.7533930012417187,9.931033234723529,8.17764023348181,0.6737399945359623,0.5738633910028591,0.5770313387176909,0.3167947714831753,True,13.83,16.52,-2.6899999999999995,0.38480888735908314,0.5770313387176909,0.5770313387176909,0.38480888735908314,19.22224513586077,True,False,Murray St,Marquette,model_only_correct
2022,San Francisco,Murray St,1362,1293,0,Murray St,San Francisco,7.0,10.0,False,-2.3561055182416055,9.118457531157134,11.47456304939874,0.395093838007758,0.3741624734605859,0.3838415929160426,0.9679119455456686,True,17.38,15.42,1.959999999999999,0.5695599788705717,0.3838415929160426,0.6161584070839574,0.43044002112942825,18.571838595452917,True,False,Murray St,San Francisco,model_only_correct
2023,Missouri,Princeton,1281,1343,0,Princeton,Missouri,15.0,7.0,True,0.1091996133338142,4.919989084162879,4.810789470829064,0.5746506458486699,0.4931856023469157,0.5000631652865005,0.6877562939584803,False,13.07,8.04,5.030000000000001,0.6845404183529782,0.5000631652865005,0.4999368347134995,0.3154595816470218,18.447725306647765,False,False,Missouri,Missouri,both_incorrect
2017,MTSU,Minnesota,1292,1278,1,MTSU,Minnesota,12.0,5.0,True,3.1454334707751173,9.782286700926704,6.636853230151587,0.6496767762816998,0.6393852510575634,0.6297488372903224,-0.9636413767241004,True,14.95,16.0,-1.0500000000000007,0.44894424883302636,0.6297488372903224,0.6297488372903224,0.44894424883302636,18.080458845729602,True,False,MTSU,Minnesota,model_only_correct
2018,Loyola-Chicago,Tennessee,1260,1397,1,Loyola-Chicago,Tennessee,11.0,3.0,True,-0.9777373718494432,8.420273592214102,9.398010964063545,0.4054135077874414,0.4397844875374612,0.4399456559177417,0.0161168380280463,False,16.39,22.27,-5.879999999999999,0.2722607702187987,0.4399456559177417,0.4399456559177417,0.2722607702187987,16.768488569894302,False,False,Tennessee,Tennessee,both_incorrect
2023,Princeton,Arizona,1343,1112,1,Princeton,Arizona,15.0,2.0,True,-6.048159696320951,4.810789470829064,10.858949167150016,0.428871289593894,0.2237498340623758,0.2551401508868899,3.1390316824514097,False,8.04,21.9,-13.86,0.09372491235717688,0.2551401508868899,0.2551401508868899,0.09372491235717688,16.1415238529713,False,False,Arizona,Arizona,both_incorrect
2018,Gonzaga,Ohio St,1211,1326,1,Gonzaga,Ohio St,4.0,5.0,False,5.708228458709087,15.073452461663464,9.365224002954378,0.6084625644579206,0.7463240514742383,0.7189139090894099,-2.7410142384828418,True,23.03,21.16,1.870000000000001,0.5660012523282135,0.7189139090894099,0.7189139090894099,0.5660012523282135,15.291265676119636,True,True,Gonzaga,Gonzaga,both_correct
2023,Kansas St,FL Atlantic,1243,1194,0,FL Atlantic,Kansas St,9.0,3.0,True,-4.237604142935396,7.165113047819574,11.40271719075497,0.3287943255986968,0.2918982356257229,0.3077796145212882,1.588137889556529,True,18.51,19.38,-0.8699999999999974,0.45612951481366315,0.3077796145212882,0.6922203854787118,0.5438704851863368,14.834990029237494,True,True,FL Atlantic,FL Atlantic,both_correct
2017,Oregon,Kansas,1332,1242,1,Oregon,Kansas,3.0,1.0,True,1.061710505808108,12.73255327338795,11.670842767579842,0.5932272843773104,0.5401522910031369,0.54108923426858,0.0936943265443135,True,25.02,27.45,-2.4299999999999997,0.3947729131843387,0.54108923426858,0.54108923426858,0.3947729131843387,14.631632108424132,True,False,Oregon,Kansas,model_only_correct
2023,Kansas,Arkansas,1242,1116,0,Arkansas,Kansas,8.0,1.0,True,1.1606096399714811,9.15723911936024,7.9966294793887585,0.4907898336046741,0.5450024127234923,0.5358467764077476,-0.9155636315744676,False,22.85,18.05,4.800000000000001,0.6764834762736243,0.5358467764077476,0.4641532235922524,0.32351652372637574,14.063669986587668,False,False,Kansas,Kansas,both_incorrect
2018,UCLA,St Bonaventure,1417,1382,0,St Bonaventure,UCLA,11.0,11.0,False,-0.9019342260775148,5.616432738124985,6.5183669642024995,0.5246418393306957,0.4434780919358178,0.453809425428022,1.0331333492204164,True,13.52,11.21,2.3099999999999987,0.5833280949128802,0.453809425428022,0.546190574571978,0.4166719050871198,12.951866948485813,True,False,St Bonaventure,UCLA,model_only_correct
2018,Oklahoma,Rhode Island,1328,1348,0,Rhode Island,Oklahoma,7.0,10.0,False,-2.919616015038514,4.8355971101851765,7.75521312522369,0.5238424651207815,0.348474908088983,0.3730073634638074,2.4532455374824345,True,14.16,13.93,0.23000000000000043,0.5003264395105125,0.3730073634638074,0.6269926365361926,0.4996735604894875,12.73190760467051,True,False,Rhode Island,Oklahoma,model_only_correct
2018,Buffalo,Arizona,1138,1112,1,Buffalo,Arizona,13.0,4.0,True,-2.3972103203499717,7.168021372245889,9.56523169259586,0.3260184949933599,0.3722624774037993,0.3758430199872084,0.3580542583409118,False,11.53,17.7,-6.17,0.2631016694521822,0.3758430199872084,0.3758430199872084,0.2631016694521822,11.27413505350262,False,False,Arizona,Arizona,both_incorrect
2022,Purdue,St Peter's,1345,1389,0,St Peter's,Purdue,15.0,3.0,True,7.768351699495184,11.28290856469711,3.514556865201925,0.8738586914256294,0.8155042431075729,0.8045571085030011,-1.094713460457175,False,22.36,7.24,15.12,0.9168648340270018,0.8045571085030011,0.1954428914969989,0.08313516597299819,11.23077255240007,False,False,Purdue,Purdue,both_incorrect
2021,West Virginia,Syracuse,1452,1393,0,Syracuse,West Virginia,11.0,3.0,True,1.3255652975607148,5.938615724181915,4.6130504266212,0.3607001990745525,0.553072609326123,0.5305854370297848,-2.248717229633823,False,20.51,16.75,3.7600000000000016,0.6387828732152064,0.5305854370297848,0.4694145629702152,0.36121712678479356,10.819743618542166,False,False,West Virginia,West Virginia,both_incorrect
2018,Kansas St,Kentucky,1243,1246,1,Kansas St,Kentucky,9.0,5.0,True,-2.7703930345253687,5.063978976330759,7.834372010856128,0.5934058973387003,0.3551990342564284,0.3848305604251568,2.963152616872844,False,14.77,20.44,-5.670000000000002,0.2790164230564796,0.3848305604251568,0.3848305604251568,0.2790164230564796,10.581413736867717,False,False,Kentucky,Kentucky,both_incorrect
2017,New Orleans,Mt St Mary's,1309,1291,0,Mt St Mary's,New Orleans,16.0,16.0,False,0.702467753285049,0.3174453961335217,-0.3850223571515272,0.5052608219870108,0.5224772919998181,0.5182630571601993,-0.4214234839618802,False,-0.52,-3.86,3.34,0.623025962831254,0.5182630571601993,0.48173694283980073,0.376974037168746,10.476290567105472,False,False,New Orleans,New Orleans,both_incorrect
2021,Norfolk St,Appalachian St,1313,1111,1,Norfolk St,Appalachian St,16.0,16.0,False,2.368913710051586,1.935010670557176,-0.4339030394944103,0.6900998068871733,0.6033055786758995,0.6033006982914033,-0.0004880384496197,True,-4.47,-4.71,0.2400000000000002,0.5007292574605473,0.6033006982914033,0.6033006982914033,0.5007292574605473,10.2571440830856,True,True,Norfolk St,Norfolk St,both_correct
2022,Connecticut,New Mexico St,1163,1308,0,New Mexico St,Connecticut,12.0,5.0,True,4.18893088184258,9.74651721638213,5.55758633453955,0.7162762993887929,0.6854410107763554,0.6751659263813173,-1.0275084395038103,False,18.55,10.61,7.940000000000001,0.7761896369121445,0.6751659263813173,0.32483407361868266,0.2238103630878555,10.102371053082715,False,False,Connecticut,Connecticut,both_incorrect
2023,FL Atlantic,Memphis,1194,1272,1,FL Atlantic,Memphis,9.0,8.0,True,2.9833959378635058,11.40271719075497,8.419321252891464,0.617332471342483,0.6319702476042003,0.6205142740046974,-1.14559735995029,True,19.38,18.53,0.8499999999999979,0.5252796083451826,0.6205142740046974,0.6205142740046974,0.5252796083451826,9.523466565951477,True,True,FL Atlantic,FL Atlantic,both_correct
2017,Purdue,Iowa St,1345,1235,1,Purdue,Iowa St,4.0,5.0,False,1.98902820793721,12.40752151113422,10.41849330319701,0.5228098071507143,0.5852086043401845,0.5725482705759052,-1.266033376427933,True,23.12,23.45,-0.3299999999999983,0.47778324645509207,0.5725482705759052,0.5725482705759052,0.47778324645509207,9.476502412081311,True,False,Purdue,Iowa St,model_only_correct
2018,Wichita St,Marshall,1455,1267,0,Marshall,Wichita St,13.0,4.0,True,7.346016717629027,10.80837425221111,3.4623575345820825,0.846533906387883,0.8026163075913756,0.7899390750093098,-1.2677232582065767,False,19.03,6.53,12.5,0.8785039409674146,0.7899390750093098,0.21006092499069018,0.12149605903258542,8.856486595810475,False,False,Wichita St,Wichita St,both_incorrect
2022,Kentucky,St Peter's,1246,1389,0,St Peter's,Kentucky,15.0,2.0,True,9.918843962863916,13.433400828065842,3.514556865201925,0.9333071442463116,0.8711443492735673,0.862277222352028,-0.8867126921539348,False,25.72,7.24,18.479999999999997,0.9498783193633709,0.862277222352028,0.13772277764797203,0.05012168063662914,8.760109701134288,False,False,Kentucky,Kentucky,both_incorrect
2022,Richmond,Iowa,1350,1234,1,Richmond,Iowa,12.0,5.0,True,-7.861319539651076,4.2844128052230275,12.145732344874103,0.2274366618754998,0.1676709423199786,0.1890817177971265,2.1410775477147954,False,9.45,22.72,-13.27,0.10211762730713993,0.1890817177971265,0.1890817177971265,0.10211762730713993,8.696409048998657,False,False,Iowa,Iowa,both_incorrect
2017,Kansas St,Cincinnati,1243,1153,0,Cincinnati,Kansas St,6.0,11.0,False,-6.6264812546668,6.444819065212599,13.071300319879398,0.259685546481328,0.2045294436007759,0.2251541072689365,2.0624663668160625,True,17.44,22.18,-4.739999999999998,0.31013306962216136,0.2251541072689365,0.7748458927310635,0.6898669303778386,8.49789623532249,True,True,Cincinnati,Cincinnati,both_correct
2018,Nevada,Texas,1305,1400,1,Nevada,Texas,7.0,10.0,False,5.011561409977704,10.148091641199857,5.136530231222153,0.5841110340967498,0.7193907705855254,0.6931081933036723,-2.6282577281853015,True,18.39,15.43,2.960000000000001,0.6085409926803014,0.6931081933036723,0.6931081933036723,0.6085409926803014,8.456720062337098,True,True,Nevada,Nevada,both_correct
2017,Northwestern,Vanderbilt,1321,1435,1,Northwestern,Vanderbilt,8.0,9.0,False,0.8757356987192111,6.386604546386366,5.510868847667155,0.698378503780359,0.5310119780358494,0.5438295228872324,1.2817544851382978,True,15.81,16.53,-0.7200000000000006,0.4621313464397444,0.5438295228872324,0.5438295228872324,0.4621313464397444,8.1698176447488,True,False,Northwestern,Vanderbilt,model_only_correct
2023,UCLA,Gonzaga,1417,1211,0,Gonzaga,UCLA,3.0,2.0,True,1.5648171992319675,13.58101430536503,12.016197106133063,0.7530258717135982,0.5647270086854487,0.5780183331835262,1.3291324498077572,False,27.29,23.02,4.27,0.6575196410905834,0.5780183331835262,0.42198166681647375,0.34248035890941664,7.950130790705712,False,False,UCLA,UCLA,both_incorrect
2017,Rhode Island,Creighton,1348,1166,1,Rhode Island,Creighton,11.0,6.0,True,-0.6553372017504699,8.345758405650557,9.001095607401027,0.5776675142030582,0.4555350633540772,0.4687665984298605,1.323153507578334,False,16.26,18.83,-2.5699999999999967,0.38939622291001535,0.4687665984298605,0.4687665984298605,0.38939622291001535,7.937037551984516,False,False,Creighton,Creighton,both_incorrect
2023,Purdue,F Dickinson,1345,1192,0,F Dickinson,Purdue,16.0,1.0,True,13.241168568971716,11.070418312942635,-2.170750256029081,0.9286824307072636,0.9287471912428878,0.9150865606602128,-1.366063058267497,False,23.24,-8.36,31.599999999999998,0.9936685303675034,0.9150865606602128,0.08491343933978723,0.006331469632496645,7.858196970729059,False,False,Purdue,Purdue,both_incorrect
2019,Wisconsin,Oregon,1458,1332,0,Oregon,Wisconsin,12.0,5.0,True,1.737251119828514,9.426317701684596,7.689066581856082,0.6466093049215531,0.5730832055761768,0.5737059610173438,0.0622755441167077,False,21.94,17.86,4.080000000000002,0.6505928416391331,0.5737059610173438,0.42629403898265616,0.3494071583608669,7.688688062178928,False,False,Wisconsin,Wisconsin,both_incorrect
2017,Villanova,Wisconsin,1437,1458,0,Wisconsin,Villanova,8.0,1.0,True,4.528719520709444,15.594903769847306,11.066184249137862,0.588207172525166,0.6997342394354251,0.676196811245632,-2.3537428189793097,False,29.88,22.99,6.890000000000001,0.7454354358197814,0.676196811245632,0.323803188754368,0.25456456418021856,6.923862457414942,False,False,Villanova,Villanova,both_incorrect
2019,Temple,Belmont,1396,1125,0,Belmont,Temple,11.0,11.0,False,-6.030784563561568,3.5548530472938182,9.585637610855386,0.4155321763084726,0.2243467162088552,0.2547467507262091,3.0400034517353873,True,9.72,14.09,-4.369999999999999,0.32303035527971596,0.2547467507262091,0.7452532492737909,0.676969644720284,6.8283604553506905,True,True,Belmont,Belmont,both_correct
2023,Tennessee,FL Atlantic,1397,1194,0,FL Atlantic,Tennessee,9.0,4.0,True,2.2098590985929008,13.61257628934787,11.40271719075497,0.6697249888347396,0.5957598610824705,0.59494799198111,-0.081186910136044,False,23.8,19.38,4.420000000000002,0.6629413181602165,0.59494799198111,0.40505200801888996,0.3370586818397835,6.799332617910647,False,False,Tennessee,Tennessee,both_incorrect
2023,Iowa St,Pittsburgh,1235,1338,0,Pittsburgh,Iowa St,11.0,6.0,True,2.0873342143425475,7.079473891307515,4.9921396769649675,0.650084370147721,0.5899159161864475,0.5881384847306157,-0.1777431455831757,False,17.04,12.86,4.18,0.6542466729783669,0.5881384847306157,0.4118615152693843,0.3457533270216331,6.610818824775122,False,False,Iowa St,Iowa St,both_incorrect
2018,Loyola-Chicago,Kansas St,1260,1243,1,Loyola-Chicago,Kansas St,11.0,9.0,True,3.3562946158833427,8.420273592214102,5.063978976330759,0.4570522574376296,0.6489353887666697,0.6211876629577013,-2.7747725808968338,True,16.39,14.77,1.620000000000001,0.5560812336321632,0.6211876629577013,0.6211876629577013,0.5560812336321632,6.510642932553812,True,True,Loyola-Chicago,Loyola-Chicago,both_correct
2022,TCU,Arizona,1395,1112,0,Arizona,TCU,1.0,9.0,False,-10.939946411625527,4.502465892273065,15.442412303898593,0.2035142548328542,0.0988064175940575,0.121526946877688,2.2720529283630553,True,17.02,25.96,-8.940000000000001,0.18599719649299531,0.121526946877688,0.8784730531223119,0.8140028035070047,6.4470249615307225,True,True,Arizona,Arizona,both_correct
2023,West Virginia,Maryland,1452,1268,0,Maryland,West Virginia,8.0,9.0,False,-0.5683729247957814,7.020514735070591,7.588887659866373,0.4659004674700328,0.4598002519804684,0.4622247849929943,0.2424533012525931,True,18.82,17.99,0.8300000000000018,0.5244759661272331,0.4622247849929943,0.5377752150070056,0.47552403387276687,6.2251181134238776,True,False,Maryland,West Virginia,model_only_correct
2023,Michigan St,Kansas St,1277,1243,0,Kansas St,Michigan St,3.0,7.0,False,-2.126062237948503,5.039050809871071,7.165113047819574,0.4296286007507269,0.3848661228466644,0.3959600171971203,1.1093894350455935,True,17.61,18.51,-0.9000000000000021,0.45493061939216656,0.3959600171971203,0.6040399828028797,0.5450693806078335,5.897060219504624,True,True,Kansas St,Kansas St,both_correct
2018,Cincinnati,Nevada,1153,1305,0,Nevada,Cincinnati,7.0,2.0,True,5.724709545044503,15.87280118624436,10.148091641199857,0.6787418829067365,0.7469401189595254,0.7250362808465968,-2.190383811292862,False,26.6,18.39,8.21,0.783656295370423,0.7250362808465968,0.27496371915340323,0.21634370462957697,5.862001452382626,False,False,Cincinnati,Cincinnati,both_incorrect
2023,Texas,Miami FL,1400,1274,0,Miami FL,Texas,5.0,2.0,True,4.40293600166005,11.041263829471715,6.638327827811665,0.6369387202371259,0.6944863350440705,0.6757108184279749,-1.8775516616095669,False,24.43,17.94,6.489999999999998,0.7330129246199469,0.6757108184279749,0.32428918157202513,0.26698707538005306,5.730210619197207,False,False,Texas,Texas,both_incorrect
2019,Auburn,Kentucky,1120,1246,1,Auburn,Kentucky,5.0,2.0,True,-0.917679887132465,10.991788256424272,11.909468143556737,0.4463337499852888,0.4427103363759835,0.4461338669266028,0.3423530550619336,False,25.0,27.57,-2.5700000000000003,0.38939622291001513,0.4461338669266028,0.4461338669266028,0.38939622291001513,5.673764401658765,False,False,Kentucky,Kentucky,both_incorrect
2021,Michigan,UCLA,1276,1417,0,UCLA,Michigan,11.0,1.0,True,4.8524316098529,9.345037560386814,4.492605950533914,0.7249366093891908,0.7129997088379372,0.6995776717879161,-1.3422037050021096,False,29.67,22.43,7.240000000000002,0.7559880943413481,0.6995776717879161,0.3004223282120839,0.24401190565865194,5.641042255343198,False,False,Michigan,Michigan,both_incorrect
2021,Arkansas,Texas Tech,1116,1403,1,Arkansas,Texas Tech,3.0,6.0,False,0.9116148877147624,9.618108260475296,8.706493372760534,0.6063120565667125,0.5327771854604275,0.5361443532099324,0.3367167749504851,True,21.56,21.81,-0.25,0.48100030817970657,0.5361443532099324,0.5361443532099324,0.48100030817970657,5.51440450302258,True,False,Arkansas,Texas Tech,model_only_correct
2022,Duke,Texas Tech,1181,1403,1,Duke,Texas Tech,2.0,3.0,False,0.9088076981902162,12.63548101261216,11.726673314421944,0.497513668457328,0.5326391045525921,0.5260798445302083,-0.6559260022383828,True,25.15,25.64,-0.490000000000002,0.4713549144103305,0.5260798445302083,0.5260798445302083,0.4713549144103305,5.472493011987778,True,False,Duke,Texas Tech,model_only_correct
2019,Ohio St,Iowa St,1326,1235,1,Ohio St,Iowa St,11.0,6.0,True,-4.914443816026006,4.752662712643669,9.667106528669676,0.2683160896483989,0.2650419499243903,0.2791535486394872,1.411159871509693,False,14.66,22.09,-7.43,0.22566903911457434,0.2791535486394872,0.2791535486394872,0.22566903911457434,5.348450952491287,False,False,Iowa St,Iowa St,both_incorrect
2021,Loyola-Chicago,Georgia Tech,1260,1210,1,Loyola-Chicago,Georgia Tech,8.0,9.0,False,7.732014286600474,12.334168782767051,4.602154496166577,0.8052705054065212,0.8144214784823323,0.7961420557562825,-1.8279422726049763,True,24.32,17.5,6.82,0.7432892139253436,0.7961420557562825,0.7961420557562825,0.7432892139253436,5.285284183093886,True,True,Loyola-Chicago,Loyola-Chicago,both_correct
2018,Virginia,UMBC,1438,1420,0,UMBC,Virginia,16.0,1.0,True,14.947084641938744,15.569937732975376,0.6228530910366317,0.9671942270492692,0.948077761534012,0.9389730136520597,-0.9104747881952258,False,29.53,0.5,29.03,0.9904514729494316,0.9389730136520597,0.06102698634794035,0.009548527050568412,5.147845929737194,False,False,Virginia,Virginia,both_incorrect
2017,Oklahoma St,Michigan,1329,1276,0,Michigan,Oklahoma St,7.0,10.0,False,-1.838787652900237,8.772817753917764,10.611605406818,0.5464589806528005,0.398389688461002,0.4176744104620167,1.9284722001014665,True,22.48,23.05,-0.5700000000000003,0.46814417396505464,0.4176744104620167,0.5823255895379833,0.5318558260349453,5.0469763503038,True,True,Michigan,Michigan,both_correct
2018,Clemson,Kansas,1155,1242,0,Kansas,Clemson,1.0,5.0,False,-2.9914193469385015,8.383434922099795,11.374854269038297,0.4892449820489196,0.3452605692031544,0.3673188831931557,2.2058313990001297,True,21.65,23.49,-1.8399999999999999,0.41769864113596467,0.3673188831931557,0.6326811168068442,0.5823013588640353,5.037975794280891,True,True,Kansas,Kansas,both_correct
2021,Houston,Oregon St,1222,1333,1,Houston,Oregon St,2.0,12.0,False,13.74532837375547,14.236392520596056,0.4910641468405856,0.9655980948480672,0.9350646624244052,0.9262344564477752,-0.8830205976629979,True,28.75,16.4,12.350000000000001,0.8759005679655036,0.9262344564477752,0.9262344564477752,0.8759005679655036,5.03338884822716,True,True,Houston,Houston,both_correct
2019,Florida St,Gonzaga,1199,1211,0,Gonzaga,Florida St,1.0,4.0,False,-12.26627604889856,9.085750514073254,21.352026562971815,0.255487966325769,0.0777987074053227,0.1024058184230289,2.4607111017706225,True,22.39,32.85,-10.46,0.15172363509369363,0.1024058184230289,0.8975941815769711,0.8482763649063063,4.931781667066481,True,True,Gonzaga,Gonzaga,both_correct
2017,Gonzaga,South Carolina,1211,1376,1,Gonzaga,South Carolina,1.0,7.0,False,12.993396547745888,20.24061201471045,7.247215466964562,0.8195768724538034,0.9254384642181788,0.9038854945476166,-2.1552969670562305,True,32.05,20.8,11.249999999999996,0.8553172894227665,0.9038854945476166,0.9038854945476166,0.8553172894227665,4.856820512485005,True,True,Gonzaga,Gonzaga,both_correct
2018,Texas A&M,North Carolina,1401,1314,1,Texas A&M,North Carolina,7.0,2.0,True,-4.540051296091775,6.565237017926137,11.105288314017912,0.3158432048799956,0.2797008875090984,0.2961055627993005,1.640467529020212,False,16.96,23.59,-6.629999999999999,0.24898593176173017,0.2961055627993005,0.2961055627993005,0.24898593176173017,4.711963103757033,False,False,North Carolina,North Carolina,both_incorrect
2022,Tennessee,Michigan,1397,1276,0,Michigan,Tennessee,11.0,3.0,True,6.319348020899767,11.73902998686006,5.419681965960294,0.7491319826139569,0.7684996528588193,0.7501165722773127,-1.8383080581506617,False,25.1,16.61,8.490000000000002,0.7912072516595126,0.7501165722773127,0.24988342772268735,0.20879274834048744,4.10906793821999,False,False,Tennessee,Tennessee,both_incorrect
2017,SMU,USC,1374,1425,0,USC,SMU,11.0,6.0,True,8.741600922733198,14.127315189672032,5.385714266938834,0.7499427632391411,0.8427048844101235,0.8176197014895972,-2.5085182920526305,False,24.73,13.45,11.280000000000001,0.8559144461558497,0.8176197014895972,0.18238029851040283,0.14408555384415034,3.829474466625249,False,False,SMU,SMU,both_incorrect
2023,Tennessee,Duke,1397,1181,1,Tennessee,Duke,4.0,5.0,False,4.758168800797918,13.61257628934787,8.854407488549953,0.7818458007683293,0.7091731336306714,0.7021363147212573,-0.70368189094141,True,23.8,19.35,4.449999999999999,0.6640205839240556,0.7021363147212573,0.7021363147212573,0.6640205839240556,3.8115730797201652,True,True,Tennessee,Tennessee,both_correct
2019,Texas Tech,Virginia,1403,1438,0,Virginia,Texas Tech,1.0,3.0,False,-4.8168973128352945,12.858650471476892,17.675547784312187,0.3810674717599346,0.2688135969000647,0.2920042972607956,2.3190700360730956,True,30.03,34.22,-4.189999999999998,0.329405037900117,0.2920042972607956,0.7079957027392044,0.670594962099883,3.7400740639321417,True,True,Virginia,Virginia,both_correct
2023,Missouri,Utah St,1281,1429,1,Missouri,Utah St,7.0,10.0,False,-3.2994029805560388,4.919989084162879,8.219392064718917,0.5219462031716807,0.3316359587644619,0.358277824383789,2.6641865619327074,False,13.07,17.39,-4.32,0.3247946418402742,0.358277824383789,0.358277824383789,0.3247946418402742,3.3483182543514847,False,False,Utah St,Utah St,both_incorrect
2018,Xavier,Florida St,1462,1199,0,Florida St,Xavier,9.0,1.0,True,2.9436478152958045,10.103936021852377,7.160288206556572,0.452197370787691,0.6301416056101926,0.6045746884181471,-2.5566917192045513,False,21.51,17.77,3.740000000000002,0.6380389727922177,0.6045746884181471,0.3954253115818529,0.36196102720778234,3.3464284374070563,False,False,Xavier,Xavier,both_incorrect
2018,Purdue,Butler,1345,1139,1,Purdue,Butler,2.0,10.0,False,7.675626795895113,15.124860648559633,7.44923385266452,0.7258613215925583,0.8127315680591594,0.7879659689372326,-2.4765599121926773,True,26.27,19.05,7.219999999999999,0.7553931404381059,0.7879659689372326,0.7879659689372326,0.7553931404381059,3.2572828499126683,True,True,Purdue,Purdue,both_correct
2017,West Virginia,Gonzaga,1452,1211,0,Gonzaga,West Virginia,1.0,4.0,False,-5.463666117361086,14.776945897349364,20.24061201471045,0.455231808525953,0.2444470788273218,0.2758720294117917,3.142495058446984,True,27.17,32.05,-4.8799999999999955,0.30532759473626986,0.2758720294117917,0.7241279705882083,0.6946724052637301,2.945556532447824,True,True,Gonzaga,Gonzaga,both_correct
2023,Creighton,San Diego St,1166,1361,0,San Diego St,Creighton,5.0,6.0,False,0.6253530045616884,8.952402439711065,8.327049435149377,0.588276795051221,0.5186743157158907,0.5226585428021823,0.3984227086291536,False,21.83,20.34,1.4899999999999984,0.550904581495954,0.5226585428021823,0.47734145719781773,0.449095418504046,2.8246038693771736,False,False,Creighton,Creighton,both_incorrect
2018,Kansas,Duke,1242,1181,1,Kansas,Duke,1.0,2.0,False,-4.048987777628195,11.374854269038297,15.423842046666492,0.3447564072037826,0.2996610954138038,0.3158614747774941,1.6200379363690287,False,23.49,28.86,-5.370000000000001,0.288843498947401,0.3158614747774941,0.3158614747774941,0.288843498947401,2.7017975830093075,False,False,Duke,Duke,both_incorrect
2021,Houston,Rutgers,1222,1353,1,Houston,Rutgers,2.0,10.0,False,11.370011389512456,14.236392520596056,2.8663811310835996,0.8669447968576645,0.9000575221466156,0.8813472689512589,-1.8710253195356683,True,28.75,17.48,11.27,0.8557156220009259,0.8813472689512589,0.8813472689512589,0.8557156220009259,2.5631646950333042,True,True,Houston,Houston,both_correct
2017,USC,Providence,1425,1344,1,USC,Providence,11.0,11.0,False,1.0863626507080255,5.385714266938834,4.299351616230808,0.7430423948324897,0.5413620072696469,0.5574228353329201,1.6060828063273247,True,13.45,12.43,1.0199999999999996,0.5321048637319651,0.5574228353329201,0.5574228353329201,0.5321048637319651,2.531797160095506,True,True,USC,USC,both_correct
2017,Oregon,Michigan,1332,1276,1,Oregon,Michigan,3.0,7.0,False,2.1209478665699493,12.73255327338795,10.611605406818,0.6960179606246903,0.5915217559020516,0.594050523262108,0.2528767360056472,True,25.02,23.05,1.9699999999999989,0.5699549566429126,0.594050523262108,0.594050523262108,0.5699549566429126,2.409556661919543,True,True,Oregon,Oregon,both_correct
2019,Maryland,LSU,1268,1261,0,LSU,Maryland,3.0,6.0,False,-1.274635293183735,7.373574321359442,8.648209614543177,0.4383222713503679,0.4253855335376087,0.430873759916323,0.5488226378714267,True,19.29,20.22,-0.9299999999999997,0.4537322462321635,0.430873759916323,0.569126240083677,0.5462677537678364,2.285848631584053,True,True,LSU,LSU,both_correct
2019,Arizona St,Buffalo,1113,1138,0,Buffalo,Arizona St,6.0,11.0,False,-8.177592130268321,4.727661777115074,12.905253907383395,0.2216808267535818,0.1591294671255208,0.1807471353037666,2.1617668178245757,True,11.55,19.85,-8.3,0.20211773200242314,0.1807471353037666,0.8192528646962334,0.7978822679975769,2.1370596698656485,True,True,Buffalo,Buffalo,both_correct
2022,Texas,Purdue,1400,1345,0,Purdue,Texas,3.0,6.0,False,-2.0160154494496823,9.266893115247427,11.28290856469711,0.5933609140493216,0.3900268697928069,0.4147591230032749,2.473225321046802,True,20.88,22.36,-1.4800000000000004,0.4318708850489946,0.4147591230032749,0.5852408769967251,0.5681291149510054,1.7111762045719736,True,True,Purdue,Purdue,both_correct
2023,F Dickinson,TX Southern,1192,1411,1,F Dickinson,TX Southern,16.0,16.0,False,2.6372219643567543,-2.170750256029081,-4.807972220385835,0.735315791926654,0.6159220680651764,0.6186026009199598,0.2680532854783424,True,-8.36,-11.16,2.8000000000000007,0.6023827292353611,0.6186026009199598,0.6186026009199598,0.6023827292353611,1.6219871684598708,True,True,F Dickinson,F Dickinson,both_correct
2022,Gonzaga,Arkansas,1211,1116,0,Arkansas,Gonzaga,4.0,1.0,True,10.08273060363939,18.129720745181245,8.046990141541855,0.6797475112990425,0.8747360099800162,0.8443405004040119,-3.0395509576004343,False,30.95,19.46,11.489999999999998,0.8600373148635134,0.8443405004040119,0.15565949959598813,0.13996268513648658,1.5696814459501551,False,False,Gonzaga,Gonzaga,both_incorrect
2023,Alabama,San Diego St,1104,1361,0,San Diego St,Alabama,5.0,1.0,True,6.080560143547828,14.407609578697205,8.327049435149377,0.6111159142167706,0.7599990925105585,0.7313884708370605,-2.861062167349804,False,27.28,20.34,6.940000000000001,0.746961198775092,0.7313884708370605,0.2686115291629395,0.25303880122490796,1.557272793803155,False,False,Alabama,Alabama,both_incorrect
2023,Houston,Auburn,1222,1120,1,Houston,Auburn,1.0,9.0,False,10.425554165214107,17.400782571018937,6.9752284058048275,0.8714544687922275,0.881972188910071,0.8644332675197551,-1.7538921390315876,True,27.72,16.77,10.95,0.8492321237189434,0.8644332675197551,0.8644332675197551,0.8492321237189434,1.5201143800811723,True,True,Houston,Houston,both_correct
2021,USC,Gonzaga,1425,1211,0,Gonzaga,USC,1.0,6.0,False,-8.573002814513742,8.947346384733208,17.52034919924695,0.2867166118153856,0.1489510067524809,0.1757305580249756,2.6779551272494677,True,27.58,36.48,-8.899999999999999,0.18697497368764743,0.1757305580249756,0.8242694419750244,0.8130250263123526,1.1244415662671758,True,True,Gonzaga,Gonzaga,both_correct
2019,Gonzaga,Baylor,1211,1124,1,Gonzaga,Baylor,1.0,9.0,False,16.12021691901937,21.352026562971815,5.231809643952445,0.8661282203206697,0.9583734323747448,0.9421532478424832,-1.6220184532261706,True,32.85,16.48,16.37,0.9309838556323858,0.9421532478424832,0.9421532478424832,0.9309838556323858,1.1169392210097384,True,True,Gonzaga,Gonzaga,both_correct
2022,Auburn,Miami FL,1120,1274,0,Miami FL,Auburn,10.0,2.0,True,6.902014651756218,11.367336863532358,4.46532221177614,0.8568371249787481,0.7883474624715778,0.7787664245021501,-0.9581037969427776,False,23.2,14.8,8.399999999999999,0.788801516976283,0.7787664245021501,0.22123357549784994,0.21119848302371702,1.0035092474132923,False,False,Auburn,Auburn,both_incorrect
2023,Michigan St,Marquette,1277,1266,1,Michigan St,Marquette,7.0,2.0,True,-4.161394428347194,5.039050809871071,9.200445238218265,0.4278514613063837,0.2950205507217121,0.3187202692589729,2.3699718537260828,False,17.61,22.38,-4.77,0.30909982126556745,0.3187202692589729,0.3187202692589729,0.30909982126556745,0.9620447993405445,False,False,Marquette,Marquette,both_incorrect
2017,Gonzaga,Xavier,1211,1462,1,Gonzaga,Xavier,1.0,11.0,False,14.862606934205443,20.24061201471045,5.378005080505005,0.8104399060813855,0.9472498684574688,0.9272286454901522,-2.0021222967316565,True,32.05,16.7,15.349999999999998,0.9196463419038342,0.9272286454901522,0.9272286454901522,0.9196463419038342,0.7582303586317951,True,True,Gonzaga,Gonzaga,both_correct
2021,Missouri,Oklahoma,1281,1328,0,Oklahoma,Missouri,8.0,9.0,False,-1.72348944820844,3.3668438814686823,5.090333329677122,0.4003045363079405,0.403862594264229,0.4093477781845149,0.5485183920285908,True,15.14,17.06,-1.9199999999999982,0.41456677154762367,0.4093477781845149,0.590652221815485,0.5854332284523763,0.5218993363108715,True,True,Oklahoma,Oklahoma,both_correct
2023,Pittsburgh,Mississippi St,1338,1280,1,Pittsburgh,Mississippi St,11.0,11.0,False,-0.5788434386706314,4.9921396769649675,5.570983115635599,0.5576800451217888,0.4592863980793046,0.4700834506160262,1.079705253672164,False,12.86,13.49,-0.6300000000000008,0.46573783392661533,0.4700834506160262,0.4700834506160262,0.46573783392661533,0.43456166894108583,False,False,Mississippi St,Mississippi St,both_incorrect
2018,Syracuse,TCU,1393,1395,1,Syracuse,TCU,11.0,6.0,True,-3.3931886270603115,4.382211784089947,7.775400411150258,0.4876499348969195,0.3275411832949489,0.3518830255108237,2.4341842215874765,False,14.82,18.47,-3.6499999999999986,0.34890214930496427,0.3518830255108237,0.3518830255108237,0.34890214930496427,0.2980876205859406,False,False,TCU,TCU,both_incorrect
2018,Loyola-Chicago,Miami FL,1260,1274,1,Loyola-Chicago,Miami FL,11.0,6.0,True,1.5144401259228033,8.420273592214102,6.905833466291298,0.2977094564154547,0.5622785437276961,0.5319271388610785,-3.0351404866617693,True,16.39,15.43,0.9600000000000009,0.5296971893238909,0.5319271388610785,0.5319271388610785,0.5296971893238909,0.2229949537187581,True,True,Loyola-Chicago,Loyola-Chicago,both_correct
2021,Oregon,Iowa,1332,1234,1,Oregon,Iowa,7.0,2.0,True,-4.86895288547386,5.830313416623028,10.699266302096888,0.5255361183790465,0.2667966448686812,0.3012877192782862,3.4491074409605025,False,21.85,26.87,-5.02,0.3005641389494852,0.3012877192782862,0.3012877192782862,0.3005641389494852,0.07235803288009879,False,False,Iowa,Iowa,both_incorrect
2021,UCLA,Gonzaga,1417,1211,0,Gonzaga,UCLA,1.0,11.0,False,-13.027743248713035,4.492605950533914,17.52034919924695,0.2496079148078906,0.0676662242292887,0.0911602215684228,2.349399733913407,True,22.43,36.48,-14.049999999999997,0.09115666912116582,0.0911602215684228,0.9088397784315771,0.9088433308788342,-0.00035524472570269694,True,True,Gonzaga,Gonzaga,both_correct
2017,Baylor,South Carolina,1124,1376,0,South Carolina,Baylor,7.0,3.0,True,3.139701212710847,10.386916679675409,7.247215466964562,0.6195308725780875,0.6391240441172188,0.626780449805121,-1.234359431209775,False,24.23,20.8,3.4299999999999997,0.6264257184193103,0.626780449805121,0.37321955019487896,0.3735742815806897,-0.035473138581076924,False,False,Baylor,Baylor,both_incorrect
2019,Kansas,Auburn,1242,1120,0,Auburn,Kansas,5.0,4.0,True,-3.240498581052279,7.751289675371993,10.991788256424272,0.4927827584939885,0.3342209184268085,0.3580914072284263,2.3870488801617795,True,21.57,25.0,-3.4299999999999997,0.3569973676718669,0.3580914072284263,0.6419085927715737,0.643002632328133,-0.10940395565592897,True,True,Auburn,Auburn,both_correct
2017,Xavier,Arizona,1462,1112,1,Xavier,Arizona,11.0,2.0,True,-5.959655314103159,5.378005080505005,11.337660394608164,0.3006162943606343,0.2268019826049249,0.2483939795686225,2.1591996963697597,False,16.7,23.31,-6.609999999999999,0.24958900944803736,0.2483939795686225,0.2483939795686225,0.24958900944803736,-0.11950298794148606,False,False,Arizona,Arizona,both_incorrect
2022,Bryant,Wright St,1136,1460,0,Wright St,Bryant,16.0,16.0,False,-0.7886938567237534,1.1538458470346882,1.9425397037584415,0.4488491647429889,0.4490074096128408,0.4516397435200592,0.2632333907218342,True,-1.32,-0.28,-1.04,0.44934289987192605,0.4516397435200592,0.5483602564799408,0.550657100128074,-0.22968436481332066,True,True,Wright St,Wright St,both_correct
2023,Arizona St,TCU,1113,1395,0,TCU,Arizona St,6.0,11.0,False,-3.714475647188422,3.770107463591785,7.484583110780207,0.2682503629000162,0.313713934930238,0.3207775264825069,0.7063591552268877,True,13.26,17.78,-4.520000000000001,0.3177677784296439,0.3207775264825069,0.6792224735174931,0.6822322215703561,-0.3009748052863026,True,True,TCU,TCU,both_correct
2022,Iowa St,Miami FL,1235,1274,0,Miami FL,Iowa St,10.0,11.0,False,-0.1848353261699031,4.280486885606237,4.46532221177614,0.588477603164323,0.4786728890850314,0.489190041332348,1.0517152247316586,True,14.63,14.8,-0.16999999999999993,0.4842189460472861,0.489190041332348,0.510809958667652,0.5157810539527139,-0.49710952850618995,True,True,Miami FL,Miami FL,both_correct
2022,Baylor,North Carolina,1124,1314,0,North Carolina,Baylor,8.0,1.0,True,6.03201428829067,12.588615731143848,6.556601442853179,0.8491629539951074,0.758245035751821,0.7519509673638383,-0.6294068387982743,False,27.04,20.13,6.91,0.7460464672602498,0.7519509673638383,0.24804903263616174,0.2539535327397502,-0.590450010358845,False,False,Baylor,Baylor,both_incorrect
2018,Texas Tech,Florida,1403,1196,1,Texas Tech,Florida,3.0,6.0,False,3.039476180542138,10.382272922277764,7.342796741735626,0.6734015358668134,0.6345438100356932,0.6278951661001173,-0.6648643935575849,True,22.59,18.96,3.629999999999999,0.633935765385391,0.6278951661001173,0.6278951661001173,0.633935765385391,-0.6040599285273673,True,True,Texas Tech,Texas Tech,both_correct
2021,Maryland,Alabama,1268,1104,0,Alabama,Maryland,2.0,10.0,False,-6.554329545543922,3.3074632022362493,9.861792747780171,0.3065240282702898,0.2068588050702387,0.2309353010180969,2.4076495947858185,True,17.63,25.09,-7.460000000000001,0.2248254852756119,0.2309353010180969,0.7690646989819031,0.775174514724388,-0.6109815742484925,True,True,Alabama,Alabama,both_correct
2022,Alabama,Notre Dame,1104,1323,0,Notre Dame,Alabama,11.0,6.0,True,1.1030937781686987,6.400344590634845,5.297250812466146,0.6770657240886131,0.5421827510194914,0.5509229934620333,0.8740242442541901,False,16.57,15.25,1.3200000000000003,0.5441186098839685,0.5509229934620333,0.44907700653796667,0.45588139011603146,-0.6804383578064788,False,False,Alabama,Alabama,both_incorrect
2019,Houston,Ohio St,1222,1326,1,Houston,Ohio St,3.0,11.0,False,8.416920701187081,13.16958341383075,4.752662712643669,0.7422224679416269,0.8340126004042947,0.8089049505230881,-2.5107649881206617,True,24.13,14.66,9.469999999999999,0.8160966796642231,0.8089049505230881,0.8089049505230881,0.8160966796642231,-0.7191729141134973,True,True,Houston,Houston,both_correct
2019,Virginia,Purdue,1438,1345,1,Virginia,Purdue,1.0,3.0,False,6.691150174457958,17.675547784312187,10.984397609854229,0.644801256813141,0.7813116420019633,0.753194974737245,-2.81166672647184,True,34.22,26.81,7.41,0.7610055393947619,0.753194974737245,0.753194974737245,0.7610055393947619,-0.781056465751695,True,True,Virginia,Virginia,both_correct
2019,Wofford,Seton Hall,1459,1371,1,Wofford,Seton Hall,7.0,10.0,False,8.082205218257286,11.907423376394846,3.825218158137559,0.7480817454608635,0.8246532055812591,0.800645501546642,-2.400770403461705,True,20.69,11.5,9.190000000000001,0.8092288134456652,0.800645501546642,0.800645501546642,0.8092288134456652,-0.8583311899023172,True,True,Wofford,Wofford,both_correct
2018,Nevada,Loyola-Chicago,1305,1260,0,Loyola-Chicago,Nevada,11.0,7.0,True,1.727818048985755,10.148091641199857,8.420273592214102,0.709990199633554,0.5726271083713415,0.5797527426403898,0.7125634269048331,False,18.39,16.39,2.0,0.5711393538448551,0.5797527426403898,0.4202472573596102,0.42886064615514485,-0.8613388795534638,False,False,Nevada,Nevada,both_incorrect
2017,Florida,South Carolina,1196,1376,0,South Carolina,Florida,7.0,4.0,True,6.053839205598534,13.301054672563096,7.247215466964562,0.8285165254531502,0.7590346916054942,0.7500403658519512,-0.8994325753542975,False,27.5,20.8,6.699999999999999,0.739582520366002,0.7500403658519512,0.24995963414804878,0.260417479633998,-1.045784548594919,False,False,Florida,Florida,both_incorrect
2023,Iowa,Auburn,1234,1120,0,Auburn,Iowa,9.0,8.0,True,-0.9373942403117184,6.037834165493109,6.9752284058048275,0.482762498901698,0.4417494543386157,0.4486034283770879,0.685397403847221,True,15.39,16.77,-1.379999999999999,0.43582853963703816,0.4486034283770879,0.5513965716229121,0.5641714603629618,-1.2774888740049728,True,True,Auburn,Auburn,both_correct
2018,Michigan St,Syracuse,1277,1393,0,Syracuse,Michigan St,11.0,3.0,True,10.485779150062614,14.86799093415256,4.382211784089947,0.7318082358889061,0.8832053662383166,0.8557305230748674,-2.747484316344917,False,25.41,14.82,10.59,0.8416538404205197,0.8557305230748674,0.1442694769251326,0.15834615957948028,-1.4076682654347694,False,False,Michigan St,Michigan St,both_incorrect
2017,Gonzaga,Northwestern,1211,1321,1,Gonzaga,Northwestern,1.0,8.0,False,13.854007468324085,20.24061201471045,6.386604546386366,0.7783471446688666,0.9363564699841488,0.9137448389481896,-2.261163103595931,True,32.05,15.81,16.239999999999995,0.9296257675458556,0.9137448389481896,0.9137448389481896,0.9296257675458556,-1.5880928597665989,True,True,Gonzaga,Gonzaga,both_correct
2023,TCU,Gonzaga,1395,1211,0,Gonzaga,TCU,3.0,6.0,False,-4.531613995352856,7.484583110780207,12.016197106133063,0.4992230025587037,0.280036898934248,0.3111178275808718,3.108092864662387,True,17.78,23.02,-5.239999999999998,0.29316514947427535,0.3111178275808718,0.6888821724191282,0.7068348505257247,-1.795267810659651,True,True,Gonzaga,Gonzaga,both_correct
2017,Seton Hall,Arkansas,1371,1116,0,Arkansas,Seton Hall,8.0,9.0,False,-1.7843741860034896,4.450907823178781,6.235282009182271,0.403310791973287,0.4009694802540336,0.407187960342678,0.6218480088644451,True,13.63,16.25,-2.619999999999999,0.3874824016262176,0.407187960342678,0.592812039657322,0.6125175983737824,-1.9705558716460403,True,True,Arkansas,Arkansas,both_correct
2019,Gonzaga,F Dickinson,1211,1192,1,Gonzaga,F Dickinson,1.0,16.0,False,21.119198064660974,21.352026562971815,0.2328284983108375,0.9714822274786696,0.9840825170258028,0.9774122866153756,-0.6670230410427136,True,32.85,-4.22,37.07,0.9973676382687118,0.9774122866153756,0.9774122866153756,0.9973676382687118,-1.9955351653336173,True,True,Gonzaga,Gonzaga,both_correct
2017,Gonzaga,S Dakota St,1211,1355,1,Gonzaga,S Dakota St,1.0,16.0,False,20.61752781666577,20.24061201471045,-0.3769158019553202,0.9646108492660644,0.982452874638701,0.9750193059914208,-0.7433568647280175,True,32.05,-1.19,33.239999999999995,0.9951316510496158,0.9750193059914208,0.9750193059914208,0.9951316510496158,-2.0112345058194925,True,True,Gonzaga,Gonzaga,both_correct
2018,Kansas,Seton Hall,1242,1371,1,Kansas,Seton Hall,1.0,8.0,False,4.622738937566469,11.374854269038297,6.752115331471828,0.5782181605386186,0.7036230774267727,0.6787829081300799,-2.484016929669275,True,23.49,18.04,5.449999999999999,0.6989684693585793,0.6787829081300799,0.6787829081300799,0.6989684693585793,-2.018556122849935,True,True,Kansas,Kansas,both_correct
2022,Arkansas,Duke,1116,1181,0,Duke,Arkansas,2.0,4.0,False,-4.588490871070306,8.046990141541855,12.63548101261216,0.3863112850988244,0.277776585218213,0.3002973917213922,2.252080650317917,True,19.46,25.15,-5.689999999999998,0.27836861714195643,0.3002973917213922,0.6997026082786078,0.7216313828580436,-2.1928774579435872,True,True,Duke,Duke,both_correct
2017,North Carolina,Kentucky,1314,1246,1,North Carolina,Kentucky,1.0,2.0,False,0.1717552466346479,14.219076659188945,14.047321412554297,0.4259142785355079,0.4962754791596401,0.4891006363627591,-0.717484279688102,False,28.22,27.72,0.5,0.5112006627832362,0.4891006363627591,0.4891006363627591,0.5112006627832362,-2.2100026420477095,False,True,Kentucky,North Carolina,kenpom_only_correct
2021,Colorado,Florida St,1160,1199,0,Florida St,Colorado,4.0,5.0,False,2.8987567909737777,9.418371537779976,6.519614746806198,0.7644937379230209,0.6280718632103026,0.6320368211874545,0.3964957977151906,False,25.1,22.12,2.9800000000000004,0.6093083951323127,0.6320368211874545,0.3679631788125455,0.3906916048676873,-2.2728426055141804,False,False,Colorado,Colorado,both_incorrect
2022,San Diego St,Creighton,1361,1166,0,Creighton,San Diego St,9.0,8.0,True,3.5582757211306557,7.647253523818804,4.088977802688149,0.6414538333910115,0.6579729742388012,0.6447818631052591,-1.31911111335421,False,17.07,13.78,3.290000000000001,0.6211319399832893,0.6447818631052591,0.3552181368947409,0.3788680600167107,-2.3649923121969785,False,False,San Diego St,San Diego St,both_incorrect
2022,Houston,Illinois,1222,1228,1,Houston,Illinois,5.0,4.0,True,7.14184576192693,15.960699017356802,8.818853255429872,0.8008535434214763,0.7961467772547025,0.7794055190755252,-1.6741258179177263,True,27.7,18.75,8.95,0.803187456155507,0.7794055190755252,0.7794055190755252,0.803187456155507,-2.3781937079981774,True,True,Houston,Houston,both_correct
2022,Wisconsin,Iowa St,1458,1235,0,Iowa St,Wisconsin,11.0,3.0,True,1.0904592373805428,5.37094612298678,4.280486885606237,0.609105502770401,0.5415629858336155,0.5437561217853788,0.2193135951763292,False,15.34,14.63,0.7099999999999991,0.5196515954905632,0.5437561217853788,0.4562438782146212,0.48034840450943683,-2.410452629481563,False,False,Wisconsin,Wisconsin,both_incorrect
2023,Texas,Xavier,1400,1462,1,Texas,Xavier,2.0,3.0,False,3.162480148836904,11.041263829471715,7.878783680634811,0.7545576773910397,0.6401615445502962,0.6409911507595731,0.0829606209276967,True,24.43,19.95,4.48,0.6650981396635969,0.6409911507595731,0.6409911507595731,0.6650981396635969,-2.410698890402374,True,True,Texas,Texas,both_correct
2017,Louisville,Michigan,1257,1276,0,Michigan,Louisville,7.0,2.0,True,2.339754726046806,12.951360132864806,10.611605406818,0.7965360678559944,0.601925805959847,0.6143029050618553,1.2377099102008238,False,25.51,23.05,2.460000000000001,0.5891904593465127,0.6143029050618553,0.38569709493814475,0.4108095406534873,-2.5112445715342546,False,False,Louisville,Louisville,both_incorrect
2019,F Dickinson,Prairie View,1192,1341,1,F Dickinson,Prairie View,16.0,16.0,False,-0.6674426338864379,0.2328284983108375,0.9002711321972754,0.4845363454105113,0.4549418512799499,0.4598321364939294,0.489028521397955,False,-4.22,-4.13,-0.08999999999999986,0.4874388936387772,0.4598321364939294,0.4598321364939294,0.4874388936387772,-2.760675714484778,False,False,Prairie View,Prairie View,both_incorrect
2018,Providence,Texas A&M,1344,1401,0,Texas A&M,Providence,7.0,10.0,False,-3.553392753047291,3.011844264878846,6.565237017926137,0.4077166164924209,0.3206070999572595,0.3392646006818566,1.8657500724597096,True,12.17,16.96,-4.790000000000001,0.308412047028835,0.3392646006818566,0.6607353993181434,0.691587952971165,-3.085255365302164,True,True,Texas A&M,Texas A&M,both_correct
2022,Michigan,Villanova,1276,1437,0,Villanova,Michigan,2.0,11.0,False,-5.896415276966906,5.419681965960294,11.3160972429272,0.209635817630978,0.2290008222724291,0.2422483313605394,1.3247509088110316,True,16.61,24.56,-7.949999999999999,0.2113651652876891,0.2422483313605394,0.7577516686394606,0.7886348347123109,-3.0883166072850243,True,True,Villanova,Villanova,both_correct
2018,Duke,Syracuse,1181,1393,1,Duke,Syracuse,2.0,11.0,False,11.041630262576543,15.423842046666492,4.382211784089947,0.8069063589671646,0.8940672134699434,0.8711048429263483,-2.296237054359518,True,28.86,14.82,14.04,0.9026018846477243,0.8711048429263483,0.8711048429263483,0.9026018846477243,-3.149704172137602,True,True,Duke,Duke,both_correct
2021,Syracuse,Houston,1393,1222,0,Houston,Syracuse,2.0,11.0,False,-9.623342093974856,4.6130504266212,14.236392520596056,0.3312798050414389,0.1245099596672872,0.1544144264163476,2.990446674906036,True,16.75,28.75,-12.0,0.12246603271849932,0.1544144264163476,0.8455855735836524,0.8775339672815007,-3.19483936978483,True,True,Houston,Houston,both_correct
2022,St Peter's,Murray St,1389,1293,1,St Peter's,Murray St,15.0,7.0,True,-7.960006184196814,3.514556865201925,11.47456304939874,0.0970712517033782,0.1649671299949857,0.1731578274461772,0.8190697451191525,False,7.24,15.42,-8.18,0.20525382398222267,0.1731578274461772,0.1731578274461772,0.20525382398222267,-3.2095996536045472,False,False,Murray St,Murray St,both_incorrect
2022,Georgia St,Gonzaga,1209,1211,0,Gonzaga,Georgia St,1.0,16.0,False,-17.32224032911043,0.8074804160708169,18.129720745181245,0.0704979363084346,0.0301285211769728,0.0413434198104056,1.1214898633432755,True,1.6,30.95,-29.349999999999998,0.008452188248853326,0.0413434198104056,0.9586565801895944,0.9915478117511467,-3.289123156155227,True,True,Gonzaga,Gonzaga,both_correct
2019,N Dakota St,Duke,1295,1181,0,Duke,N Dakota St,1.0,16.0,False,-17.575812467715764,-1.036577827326667,16.539234640389097,0.0352742634729488,0.0286983666423143,0.0372713578914889,0.8572991249174554,True,-3.2,30.62,-33.82,0.004131062046276405,0.0372713578914889,0.9627286421085111,0.9958689379537236,-3.3140295845212497,True,True,Duke,Duke,both_correct
2019,Michigan St,Texas Tech,1277,1403,0,Texas Tech,Michigan St,3.0,2.0,True,1.4993131845431673,14.35796365602006,12.858650471476892,0.5572444180848609,0.5615427342892264,0.5557153334524927,-0.582740083673372,False,30.81,30.03,0.7799999999999976,0.5224663149673703,0.5557153334524927,0.4442846665475073,0.4775336850326297,-3.3249018485122406,False,False,Michigan St,Michigan St,both_incorrect
2022,Gonzaga,Memphis,1211,1272,1,Gonzaga,Memphis,1.0,9.0,False,10.704763794119287,18.129720745181245,7.424956951061958,0.8010549437104211,0.8875954585841849,0.864324480145866,-2.3270978438318823,True,30.95,17.23,13.719999999999999,0.8979740480775238,0.864324480145866,0.864324480145866,0.8979740480775238,-3.3649567931657742,True,True,Gonzaga,Gonzaga,both_correct
2019,Auburn,North Carolina,1120,1314,1,Auburn,North Carolina,5.0,1.0,True,-3.237134814119445,10.991788256424272,14.228923070543717,0.3911473280939328,0.3343688367128513,0.3496663496985164,1.5297512985665174,False,25.0,27.69,-2.6900000000000013,0.38480888735908303,0.3496663496985164,0.3496663496985164,0.38480888735908303,-3.514253766056663,False,False,North Carolina,North Carolina,both_incorrect
2022,Arizona,Houston,1112,1222,0,Houston,Arizona,5.0,1.0,True,-0.5182867134582096,15.442412303898593,15.960699017356802,0.3848783092612893,0.4622594607123181,0.4568194455765487,-0.5440015135769416,True,25.96,27.7,-1.7399999999999984,0.42162280443487277,0.4568194455765487,0.5431805544234514,0.5783771955651272,-3.5196641141675866,True,True,Houston,Houston,both_correct
2021,Connecticut,Maryland,1163,1268,0,Maryland,Connecticut,10.0,7.0,True,3.224910185482912,6.532373387719161,3.3074632022362493,0.7756728307339679,0.6429982832541529,0.6457996024950269,0.2801319240874012,False,20.61,17.63,2.9800000000000004,0.6093083951323127,0.6457996024950269,0.3542003975049731,0.3906916048676873,-3.649120736271416,False,False,Connecticut,Connecticut,both_incorrect
2017,Wichita St,Dayton,1455,1173,1,Wichita St,Dayton,10.0,7.0,True,8.052329700021815,16.19159554795361,8.139265847931796,0.7897380279559593,0.8237979402574311,0.8032351252361445,-2.056281502128665,True,26.14,15.57,10.57,0.8412238899810731,0.8032351252361445,0.8032351252361445,0.8412238899810731,-3.7988764744928627,True,True,Wichita St,Wichita St,both_correct
2017,Wake Forest,Kansas St,1448,1243,0,Kansas St,Wake Forest,11.0,11.0,False,0.0588805837061272,6.503699648918726,6.444819065212599,0.3951422795786172,0.4907005076530039,0.4815635468803661,-0.9136960772637814,True,16.25,17.44,-1.1900000000000013,0.44337024818744536,0.4815635468803661,0.5184364531196339,0.5566297518125547,-3.8193298692920763,True,True,Kansas St,Kansas St,both_correct
2023,Houston,N Kentucky,1222,1297,1,Houston,N Kentucky,1.0,16.0,False,15.8697864603716,17.400782571018937,1.5309961106473366,0.972211323527128,0.9563539013520134,0.9479243615974704,-0.842953975454297,True,27.72,0.65,27.07,0.9869517138895455,0.9479243615974704,0.9479243615974704,0.9869517138895455,-3.90273522920751,True,True,Houston,Houston,both_correct
2019,Minnesota,Louisville,1278,1257,1,Minnesota,Louisville,10.0,7.0,True,-5.339444663166134,3.3290445851317685,8.668489248297902,0.2278717807451658,0.2490089349731025,0.261418944668649,1.2410009695546482,False,14.35,19.35,-5.000000000000002,0.3012420351480536,0.261418944668649,0.261418944668649,0.3012420351480536,-3.9823090479404577,False,False,Louisville,Louisville,both_incorrect
2018,Florida St,Missouri,1199,1281,1,Florida St,Missouri,9.0,8.0,True,1.2322305317014894,7.160288206556572,5.928057674855083,0.7779007800795823,0.5485095102697122,0.5676250612061196,1.9115550936407375,True,17.77,14.83,2.9399999999999995,0.6077730531991719,0.5676250612061196,0.5676250612061196,0.6077730531991719,-4.01479919930523,True,True,Florida St,Florida St,both_correct
2019,Virginia,Oklahoma,1438,1328,1,Virginia,Oklahoma,1.0,9.0,False,12.685429528819682,17.675547784312187,4.990118255492504,0.8094502667453948,0.9211291792143622,0.8988177678291993,-2.2311411385162905,True,34.22,16.94,17.279999999999998,0.9398301283228012,0.8988177678291993,0.8988177678291993,0.9398301283228012,-4.101236049360191,True,True,Virginia,Virginia,both_correct
2022,Kansas,North Carolina,1242,1314,1,Kansas,North Carolina,1.0,8.0,False,5.265471496593577,11.822072939446755,6.556601442853179,0.7703669566287163,0.7294065951912476,0.7181761102413596,-1.1230484949887989,True,27.49,20.13,7.359999999999999,0.7595371988383408,0.7181761102413596,0.7181761102413596,0.7595371988383408,-4.136108859698117,True,True,Kansas,Kansas,both_correct
2023,Houston,Miami FL,1222,1274,0,Miami FL,Houston,5.0,1.0,True,10.762454743207272,17.400782571018937,6.638327827811665,0.8346727290455532,0.8887277848970894,0.8678042124271697,-2.0923572469919716,False,27.72,17.94,9.779999999999998,0.8234752099069618,0.8678042124271697,0.13219578757283035,0.17652479009303823,-4.432900252020788,False,False,Houston,Houston,both_incorrect
2017,Mt St Mary's,Villanova,1291,1437,0,Villanova,Mt St Mary's,1.0,16.0,False,-15.979926126998834,-0.3850223571515272,15.594903769847306,0.0414434752390376,0.0389236585930509,0.0486881615174308,0.9764502924379928,True,-3.86,29.88,-33.74,0.004184432636503068,0.0486881615174308,0.9513118384825692,0.995815567363497,-4.4503728880927795,True,True,Villanova,Villanova,both_correct
2018,Virginia Tech,Alabama,1439,1104,0,Alabama,Virginia Tech,9.0,8.0,True,3.447979246818477,7.51458233823783,4.066603091419353,0.6516161083285964,0.6530515019840524,0.6415175522019706,-1.1533949782081776,False,16.03,13.41,2.620000000000001,0.5954158136156824,0.6415175522019706,0.3584824477980294,0.4045841863843176,-4.610173858628819,False,False,Virginia Tech,Virginia Tech,both_incorrect
2023,Creighton,Baylor,1166,1124,1,Creighton,Baylor,6.0,3.0,True,0.8743049514591803,8.952402439711065,8.078097488251885,0.5482243757347056,0.5309415708234597,0.5292428117823966,-0.1698759041063091,True,21.83,19.68,2.1499999999999986,0.5770488666322022,0.5292428117823966,0.5292428117823966,0.5770488666322022,-4.78060548498056,True,True,Creighton,Creighton,both_correct
2022,Michigan St,Duke,1277,1181,0,Duke,Michigan St,2.0,7.0,False,-7.349515916781655,5.285965095830505,12.63548101261216,0.2193094817899369,0.1822626096547028,0.2017222764593409,1.9459666804638092,True,14.76,25.15,-10.389999999999999,0.15318098112933576,0.2017222764593409,0.7982777235406591,0.8468190188706642,-4.854129533000517,True,True,Duke,Duke,both_correct
2023,Kentucky,Providence,1246,1344,1,Kentucky,Providence,6.0,11.0,False,0.8672951418256503,7.31539796975089,6.44810282792524,0.4785946596021389,0.5305965996573597,0.5226592152171975,-0.7937384440162232,True,17.4,15.39,2.009999999999998,0.5715339726008722,0.5226592152171975,0.5226592152171975,0.5715339726008722,-4.887475738367475,True,True,Kentucky,Kentucky,both_correct
2017,Notre Dame,West Virginia,1323,1452,0,West Virginia,Notre Dame,4.0,5.0,False,-5.175286782422605,9.60165911492676,14.776945897349364,0.3284427197548316,0.2551240929512205,0.2757240513643394,2.059995841311885,True,19.74,27.17,-7.430000000000003,0.22566903911457423,0.2757240513643394,0.7242759486356606,0.7743309608854257,-5.005501224976516,True,True,West Virginia,West Virginia,both_correct
2018,Purdue,CS Fullerton,1345,1168,1,Purdue,CS Fullerton,2.0,15.0,False,14.550729296287258,15.124860648559633,0.5741313522723743,0.953874230660626,0.9440842855976664,0.933132650677529,-1.0951634920137288,True,26.27,0.62,25.65,0.9836519493499721,0.933132650677529,0.933132650677529,0.9836519493499721,-5.05192986724431,True,True,Purdue,Purdue,both_correct
2019,Villanova,St Mary's CA,1437,1388,1,Villanova,St Mary's CA,6.0,11.0,False,-1.063353190664175,8.026707592446257,9.090060783110433,0.4586122732482079,0.4356207737694265,0.4412924521400607,0.5671678370634203,False,17.33,17.31,0.019999999999999574,0.4918679698619897,0.4412924521400607,0.4412924521400607,0.4918679698619897,-5.0575517721929035,False,False,St Mary's CA,St Mary's CA,both_incorrect
2019,Virginia,Auburn,1438,1120,1,Virginia,Auburn,1.0,5.0,False,6.683759527887915,17.675547784312187,10.991788256424272,0.7245403453821659,0.7810620129515292,0.759152419227141,-2.190959372438817,True,34.22,25.0,9.219999999999999,0.8099739316312581,0.759152419227141,0.759152419227141,0.8099739316312581,-5.082151240411703,True,True,Virginia,Virginia,both_correct
2019,Virginia,Gardner Webb,1438,1205,1,Virginia,Gardner Webb,1.0,16.0,False,16.002619499229198,17.675547784312187,1.672928285082989,0.931853996951622,0.9574364781705816,0.944726175402761,-1.2710302767820592,True,34.22,-0.04,34.26,0.9958664234129668,0.944726175402761,0.944726175402761,0.9958664234129668,-5.114024801020578,True,True,Virginia,Virginia,both_correct
2023,Penn St,Texas,1336,1400,0,Texas,Penn St,2.0,10.0,False,-5.697618329989934,5.343645499481781,11.041263829471715,0.2523916834644137,0.2360101538077923,0.2524300737116738,1.641991990388156,True,16.04,24.43,-8.39,0.19978923608328414,0.2524300737116738,0.7475699262883262,0.8002107639167159,-5.2640837628389665,True,True,Texas,Texas,both_correct
2019,Minnesota,Michigan St,1278,1277,0,Michigan St,Minnesota,2.0,10.0,False,-11.028919070888293,3.3290445851317685,14.35796365602006,0.1546950459843065,0.0972519538893194,0.116814267259862,1.956231337054262,True,14.35,30.81,-16.46,0.06369053879531777,0.116814267259862,0.883185732740138,0.9363094612046823,-5.312372846454427,True,True,Michigan St,Michigan St,both_correct
2018,Alabama,Villanova,1104,1437,0,Villanova,Alabama,1.0,9.0,False,-12.753973415684456,4.066603091419353,16.82057650710381,0.1435262422851101,0.0711599010259609,0.0897848123200475,1.8624911294086584,True,13.41,33.76,-20.349999999999998,0.03507047424533208,0.0897848123200475,0.9102151876799525,0.964929525754668,-5.4714338074715485,True,True,Villanova,Villanova,both_correct
2019,Virginia Tech,Duke,1439,1181,0,Duke,Virginia Tech,1.0,4.0,False,-4.394168723694335,12.145065916694762,16.539234640389097,0.374496675205985,0.2855451667836942,0.3061306908392961,2.058552405560193,True,24.07,30.62,-6.550000000000001,0.25140408400145287,0.3061306908392961,0.6938693091607039,0.7485959159985471,-5.472660683784325,True,True,Duke,Duke,both_correct
2023,Arkansas,Illinois,1116,1228,1,Arkansas,Illinois,8.0,9.0,False,0.8036969206708022,7.9966294793887585,7.192932558717956,0.3613589265956413,0.5274654680738334,0.5091059208589871,-1.835954721484634,True,18.05,16.22,1.8300000000000018,0.5644173862741736,0.5091059208589871,0.5091059208589871,0.5644173862741736,-5.53114654151865,True,True,Arkansas,Arkansas,both_correct
2018,Purdue,Texas Tech,1345,1403,0,Texas Tech,Purdue,3.0,2.0,True,4.742587726281869,15.124860648559633,10.382272922277764,0.675313022727139,0.7085377324901313,0.6911937458714154,-1.7343986618715943,False,26.27,22.59,3.6799999999999997,0.6358033107445668,0.6911937458714154,0.30880625412858465,0.36419668925543325,-5.53904351268486,False,False,Purdue,Purdue,both_incorrect
2018,Radford,Villanova,1347,1437,0,Villanova,Radford,1.0,16.0,False,-15.084121322128825,1.736455184974986,16.82057650710381,0.0849285316488496,0.0461133824869401,0.0597968103744327,1.3683427887492576,True,0.07,33.76,-33.69,0.004218137354921265,0.0597968103744327,0.9402031896255673,0.9957818626450787,-5.557867301951147,True,True,Villanova,Villanova,both_correct
2021,Gonzaga,Norfolk St,1211,1313,1,Gonzaga,Norfolk St,1.0,16.0,False,15.585338528689777,17.52034919924695,1.935010670557176,0.942238328088112,0.9539466639305294,0.9418885384584108,-1.2058125472118708,True,36.48,-4.47,40.949999999999996,0.998589517836936,0.9418885384584108,0.9418885384584108,0.998589517836936,-5.670097937852514,True,True,Gonzaga,Gonzaga,both_correct
2021,Georgetown,Colorado,1207,1160,0,Colorado,Georgetown,5.0,12.0,False,-7.816145296299112,1.6022262414808637,9.418371537779976,0.0932265008173839,0.1689203824684292,0.1760049434558198,0.7084560987390548,True,12.91,25.1,-12.190000000000001,0.11921382539480145,0.1760049434558198,0.8239950565441803,0.8807861746051986,-5.679111806101833,True,True,Colorado,Colorado,both_correct
2017,Virginia Tech,Wisconsin,1439,1458,0,Wisconsin,Virginia Tech,8.0,9.0,False,-5.860537275354218,5.205646973783644,11.066184249137862,0.1595308652745779,0.2302549359873477,0.2378113362222201,0.7556400234872446,True,13.8,22.99,-9.189999999999998,0.1799754167834605,0.2378113362222201,0.7621886637777799,0.8200245832165395,-5.783591943875955,True,True,Wisconsin,Wisconsin,both_correct
2019,Iowa,Tennessee,1234,1397,0,Tennessee,Iowa,2.0,10.0,False,-7.085138584550137,5.20163159942453,12.286770183974667,0.2944057569136132,0.190178301143457,0.2148295194396213,2.465121829616426,True,16.02,26.24,-10.219999999999999,0.15676798436405906,0.2148295194396213,0.7851704805603787,0.843232015635941,-5.806153507556222,True,True,Tennessee,Tennessee,both_correct
2023,Kentucky,Kansas St,1246,1243,0,Kansas St,Kentucky,3.0,6.0,False,0.1502849219313162,7.31539796975089,7.165113047819574,0.6238641375583153,0.4952149286375359,0.5063994917154542,1.1184563077918264,False,17.4,18.51,-1.110000000000003,0.44655373740002857,0.5063994917154542,0.4936005082845458,0.5534462625999714,-5.98457543154256,False,True,Kentucky,Kansas St,kenpom_only_correct
2018,Creighton,Kansas St,1166,1243,0,Kansas St,Creighton,9.0,8.0,True,3.4318093581352827,8.495788334466042,5.063978976330759,0.6039048333062671,0.6523272063117989,0.6366373172020209,-1.5689889109777977,False,16.91,14.77,2.1400000000000006,0.5766555648404603,0.6366373172020209,0.3633626827979791,0.4233444351595397,-5.998175236156056,False,False,Creighton,Creighton,both_incorrect
2022,UCLA,North Carolina,1417,1314,0,North Carolina,UCLA,8.0,4.0,True,5.197273570780693,11.753875013633872,6.556601442853179,0.738300995849299,0.7267386279236993,0.7126902443763253,-1.4048383547373922,False,24.26,20.13,4.130000000000003,0.6524220006902174,0.7126902443763253,0.28730975562367467,0.3475779993097826,-6.026824368610795,False,False,UCLA,UCLA,both_incorrect
2023,Northwestern,UCLA,1321,1417,0,UCLA,Northwestern,2.0,7.0,False,-7.856411292405909,5.724603012959122,13.58101430536503,0.2185056962524943,0.1678063376279912,0.188492068866424,2.0685731238432896,True,15.59,27.29,-11.7,0.12775636337915716,0.188492068866424,0.811507931133576,0.8722436366208428,-6.073570548726681,True,True,UCLA,UCLA,both_correct
2022,Texas,Virginia Tech,1400,1439,1,Texas,Virginia Tech,6.0,11.0,False,0.1179120113871192,9.266893115247427,9.148981103860308,0.6810328033811385,0.4936159172469045,0.510768904142426,1.7152986895521471,True,20.88,18.86,2.0199999999999996,0.57192850039924,0.510768904142426,0.510768904142426,0.57192850039924,-6.1159596256814,True,True,Texas,Texas,both_correct
2017,Oregon,North Carolina,1332,1314,0,North Carolina,Oregon,1.0,3.0,False,-1.4865233858009947,12.73255327338795,14.219076659188945,0.4901625661980006,0.4151847787524112,0.42690971134491,1.1724932592498791,True,25.02,28.22,-3.1999999999999993,0.3655486775855722,0.42690971134491,0.5730902886550899,0.6344513224144278,-6.1361033759337875,True,True,North Carolina,North Carolina,both_correct
2023,Northwestern,Boise St,1321,1129,1,Northwestern,Boise St,7.0,10.0,False,-1.5432781183124575,5.724603012959122,7.267881131271579,0.4285324341549629,0.412464401811993,0.4191338124118629,0.6669410599869863,False,15.59,15.85,-0.2599999999999998,0.480598083810474,0.4191338124118629,0.4191338124118629,0.480598083810474,-6.146427139861105,False,False,Boise St,Boise St,both_incorrect
2022,Villanova,Houston,1437,1222,1,Villanova,Houston,2.0,5.0,False,-4.644601774429603,11.3160972429272,15.960699017356802,0.4866066312454962,0.275557747002558,0.3061557865422449,3.059803953968687,False,24.56,27.7,-3.1400000000000006,0.36779372530395266,0.3061557865422449,0.3061557865422449,0.36779372530395266,-6.163793876170775,False,False,Houston,Houston,both_incorrect
2021,Gonzaga,Oklahoma,1211,1328,1,Gonzaga,Oklahoma,1.0,8.0,False,12.430015869569829,17.52034919924695,5.090333329677122,0.8024431003872021,0.917383752805482,0.894528465311968,-2.2855287493514065,True,36.48,17.06,19.419999999999998,0.9566171872905559,0.894528465311968,0.894528465311968,0.9566171872905559,-6.208872197858795,True,True,Gonzaga,Gonzaga,both_correct
2019,UCF,Duke,1416,1181,0,Duke,UCF,1.0,9.0,False,-9.213321107137702,7.325913533251395,16.539234640389097,0.167544680895158,0.1336136630774165,0.1526429411811309,1.9029278103714409,True,16.51,30.62,-14.11,0.0903588921793707,0.1526429411811309,0.8473570588188691,0.9096411078206293,-6.228404900176021,True,True,Duke,Duke,both_correct
2022,North Carolina,Duke,1314,1181,1,North Carolina,Duke,8.0,2.0,True,-6.078879569758982,6.556601442853179,12.63548101261216,0.2253238840707881,0.22269729259411,0.2382613254826875,1.5564032888577466,False,20.13,25.15,-5.02,0.3005641389494852,0.2382613254826875,0.2382613254826875,0.3005641389494852,-6.23028134667977,False,False,Duke,Duke,both_incorrect
2017,VCU,St Mary's CA,1433,1388,0,St Mary's CA,VCU,7.0,10.0,False,-6.903579737813843,7.760408971784173,14.663988709598016,0.4882390530248889,0.1957650519236477,0.2330385119041655,3.727345998051782,True,14.07,23.67,-9.600000000000001,0.17043092844138585,0.2330385119041655,0.7669614880958345,0.8295690715586141,-6.260758346277962,True,True,St Mary's CA,St Mary's CA,both_correct
2017,North Carolina,Butler,1314,1139,1,North Carolina,Butler,1.0,4.0,False,5.103390596005145,14.219076659188945,9.1156860631838,0.6084511944994904,0.7230391044405503,0.6982601758299174,-2.477892861063291,True,28.22,20.76,7.459999999999997,0.7624677178158525,0.6982601758299174,0.6982601758299174,0.7624677178158525,-6.420754198593515,True,True,North Carolina,North Carolina,both_correct
2021,Gonzaga,Baylor,1211,1124,0,Baylor,Gonzaga,1.0,1.0,False,3.81677505746471,17.52034919924695,13.70357414178224,0.6965297691638813,0.669373589644244,0.6595907317483427,-0.9782857895901276,False,36.48,33.87,2.6099999999999994,0.5950276049169121,0.6595907317483427,0.3404092682516573,0.4049723950830879,-6.456312683143062,False,False,Gonzaga,Gonzaga,both_incorrect
2023,Alabama,Maryland,1104,1268,1,Alabama,Maryland,1.0,8.0,False,6.818721918830832,14.407609578697205,7.588887659866373,0.493487044795888,0.7855882271468979,0.7465980286663855,-3.899019848051244,True,27.28,17.99,9.290000000000003,0.8117038725499008,0.7465980286663855,0.7465980286663855,0.8117038725499008,-6.510584388351537,True,True,Alabama,Alabama,both_correct
2021,Florida,Virginia Tech,1196,1439,1,Florida,Virginia Tech,7.0,10.0,False,0.3825212921881871,4.943249778039672,4.5607284858514845,0.7203739122659564,0.5066867922132202,0.5259356059658384,1.924881375261822,True,16.95,14.44,2.51,0.5911390528351199,0.5259356059658384,0.5259356059658384,0.5911390528351199,-6.520344686928148,True,True,Florida,Florida,both_correct
2022,Wright St,Arizona,1460,1112,0,Arizona,Wright St,1.0,16.0,False,-13.49987260014015,1.9425397037584415,15.442412303898593,0.1320765516335839,0.0620127741794718,0.0795579911592374,1.7545216979765563,True,-0.28,25.96,-26.240000000000002,0.013874436032747862,0.0795579911592374,0.9204420088407625,0.9861255639672522,-6.56835551264896,True,True,Arizona,Arizona,both_correct
2017,NC Central,UC Davis,1300,1413,0,UC Davis,NC Central,16.0,16.0,False,5.929408327393176,5.295131935397222,-0.6342763919959538,0.7846423741769674,0.7545090358984285,0.7412973805239019,-1.321165537452662,False,0.36,-4.41,4.7700000000000005,0.6754246760295892,0.7412973805239019,0.2587026194760981,0.3245753239704108,-6.587270449431271,False,False,NC Central,NC Central,both_incorrect
2023,Indiana,Miami FL,1231,1274,0,Miami FL,Indiana,5.0,4.0,True,0.8579022729751244,7.496230100786789,6.638327827811665,0.464886095472548,0.5301343060962849,0.5210301443106291,-0.9104161785655762,False,17.03,17.94,-0.9100000000000001,0.45453110296853366,0.5210301443106291,0.4789698556893709,0.5454688970314663,-6.649904134209539,False,True,Indiana,Miami FL,kenpom_only_correct
2019,Michigan,Texas Tech,1276,1403,0,Texas Tech,Michigan,3.0,2.0,True,-0.2376401131301833,12.621010358346709,12.858650471476892,0.6150665171277487,0.4760696969873048,0.4895153676729943,1.344567068568958,True,28.32,30.03,-1.7100000000000009,0.4228020100673332,0.4895153676729943,0.5104846323270057,0.5771979899326668,-6.6713357605661106,True,True,Texas Tech,Texas Tech,both_correct
2023,F Dickinson,FL Atlantic,1192,1194,0,FL Atlantic,F Dickinson,9.0,16.0,False,-13.57346744678405,-2.170750256029081,11.40271719075497,0.1151433477900959,0.0611722603801398,0.0776511884008022,1.6478928020662462,True,-8.36,19.38,-27.74,0.010928130716446735,0.0776511884008022,0.9223488115991978,0.9890718692835533,-6.67230576843555,True,True,FL Atlantic,FL Atlantic,both_correct
2019,Michigan St,Bradley,1277,1133,1,Michigan St,Bradley,2.0,15.0,False,14.13526446406699,14.35796365602006,0.2226991919530689,0.9209287305076534,0.9395891867929412,0.925200015137228,-1.4389171655713184,True,30.81,0.09,30.72,0.9927110433848133,0.925200015137228,0.925200015137228,0.9927110433848133,-6.751102824758526,True,True,Michigan St,Michigan St,both_correct
2022,St Mary's CA,Indiana,1388,1231,1,St Mary's CA,Indiana,5.0,12.0,False,3.0672016132706403,9.110324173450437,6.043122560179796,0.710822433910178,0.6358133270769093,0.632667905020157,-0.3145422056752278,True,19.53,14.04,5.490000000000002,0.7003228502129211,0.632667905020157,0.632667905020157,0.7003228502129211,-6.765494519276405,True,True,St Mary's CA,St Mary's CA,both_correct
2022,St Mary's CA,UCLA,1388,1417,0,UCLA,St Mary's CA,4.0,5.0,False,-2.643550840183435,9.110324173450437,11.753875013633872,0.4594285123378149,0.3609600860366323,0.3782434571599224,1.7283371123290148,True,19.53,24.26,-4.73,0.3104779079317805,0.3782434571599224,0.6217565428400775,0.6895220920682195,-6.776554922814193,True,True,UCLA,UCLA,both_correct
2021,Houston,Cleveland St,1222,1156,1,Houston,Cleveland St,2.0,15.0,False,13.582951527137666,14.236392520596056,0.6534409934583891,0.9519045397520084,0.9330890645057108,0.9221398405376412,-1.0949223968069854,True,28.75,-0.13,28.88,0.9902201666037505,0.9221398405376412,0.9221398405376412,0.9902201666037505,-6.808032606610926,True,True,Houston,Houston,both_correct
2022,Villanova,Ohio St,1437,1326,1,Villanova,Ohio St,2.0,7.0,False,5.217769018501031,11.3160972429272,6.098328224426169,0.7865524871473096,0.727542152280713,0.7182974255529687,-0.9244726727744236,True,24.56,16.24,8.32,0.7866460986841731,0.7182974255529687,0.7182974255529687,0.7866460986841731,-6.834867313120441,True,True,Villanova,Villanova,both_correct
2021,Baylor,Wisconsin,1124,1458,1,Baylor,Wisconsin,1.0,9.0,False,7.833258503644686,13.70357414178224,5.870315638137555,0.7022102020779554,0.8174261282551205,0.7905598791231209,-2.686624913199964,True,33.87,22.4,11.469999999999999,0.8596489564925592,0.7905598791231209,0.7905598791231209,0.8596489564925592,-6.908907736943837,True,True,Baylor,Baylor,both_correct
2022,Texas Tech,Notre Dame,1403,1323,1,Texas Tech,Notre Dame,3.0,11.0,False,6.4294225019557985,11.726673314421944,5.297250812466146,0.8788638953294615,0.7723466369232322,0.7681192562165834,-0.4227380706648853,True,25.64,15.25,10.39,0.8373116343075958,0.7681192562165834,0.7681192562165834,0.8373116343075958,-6.919237809101242,True,True,Texas Tech,Texas Tech,both_correct
2019,North Carolina,Iona,1314,1233,1,North Carolina,Iona,1.0,16.0,False,13.868557514283582,14.228923070543717,0.3603655562601346,0.93342747282537,0.9365275894398944,0.9232859059429868,-1.3241683496907577,True,27.69,-2.88,30.57,0.9925340609430924,0.9232859059429868,0.9232859059429868,0.9925340609430924,-6.924815500010562,True,True,North Carolina,North Carolina,both_correct
2018,San Diego St,Houston,1361,1222,0,Houston,San Diego St,6.0,11.0,False,-3.861359325254568,7.842014492418215,11.703373817672784,0.4946009188494001,0.30749916931264,0.3349903249556242,2.7491155642984264,True,14.09,20.24,-6.149999999999999,0.2637269310898953,0.3349903249556242,0.6650096750443758,0.7362730689101047,-7.126339386572889,True,True,Houston,Houston,both_correct
2023,Penn St,Texas A&M,1336,1401,1,Penn St,Texas A&M,10.0,7.0,True,-2.1865587719156565,5.343645499481781,7.530204271397437,0.4210470360165703,0.3820399956956351,0.3928115246153303,1.077152891969524,False,16.04,16.71,-0.6700000000000017,0.4641344857208112,0.3928115246153303,0.3928115246153303,0.4641344857208112,-7.132296110548086,False,False,Texas A&M,Texas A&M,both_incorrect
2017,North Carolina,Arkansas,1314,1116,1,North Carolina,Arkansas,1.0,8.0,False,7.983794650006674,14.219076659188945,6.235282009182271,0.7428975887827981,0.8218235605461979,0.797635954138625,-2.4187606407572892,True,28.22,16.25,11.969999999999999,0.8690905050465509,0.797635954138625,0.797635954138625,0.8690905050465509,-7.145455090792597,True,True,North Carolina,North Carolina,both_correct
2021,Gonzaga,Creighton,1211,1166,1,Gonzaga,Creighton,1.0,5.0,False,10.12581557004333,17.52034919924695,7.394533629203622,0.8220021714713577,0.875665891050508,0.8542474635374643,-2.141842751304368,True,36.48,20.59,15.889999999999997,0.9258457558340311,0.8542474635374643,0.8542474635374643,0.9258457558340311,-7.159829229656678,True,True,Gonzaga,Gonzaga,both_correct
2022,Rutgers,Notre Dame,1353,1323,0,Notre Dame,Rutgers,11.0,11.0,False,-2.483434735238504,2.813816077227642,5.297250812466146,0.5546485149430928,0.368289763230448,0.3927018536485629,2.4412090418114927,True,10.82,15.25,-4.43,0.32091984570192,0.3927018536485629,0.6072981463514371,0.67908015429808,-7.178200794664291,True,True,Notre Dame,Notre Dame,both_correct
2022,LSU,Iowa St,1261,1235,0,Iowa St,LSU,11.0,6.0,True,5.716816637450378,9.997303523056615,4.280486885606237,0.6502225812513023,0.7466452034149635,0.7224613041683219,-2.418389924664166,False,18.65,14.63,4.019999999999998,0.6483919888428676,0.7224613041683219,0.2775386958316781,0.35160801115713236,-7.406931532545425,False,False,LSU,LSU,both_incorrect
2018,Michigan,Villanova,1276,1437,0,Villanova,Michigan,1.0,3.0,False,-6.00791441766418,10.812662089439629,16.82057650710381,0.306200216882403,0.2251340905226885,0.2473511706582855,2.221708013559698,True,24.2,33.76,-9.559999999999999,0.1713440996880621,0.2473511706582855,0.7526488293417145,0.8286559003119379,-7.600707097022341,True,True,Villanova,Villanova,both_correct
2019,St John's,Arizona St,1385,1113,0,Arizona St,St John's,11.0,11.0,False,-1.888877740555941,2.838784036559133,4.727661777115074,0.5553411329391925,0.3960198463748703,0.4164493234814638,2.0429477106593543,True,7.61,11.55,-3.9400000000000004,0.338363540851656,0.4164493234814638,0.5835506765185362,0.661636459148344,-7.808578262980781,True,True,Arizona St,Arizona St,both_correct
2017,Jacksonville St,Louisville,1240,1257,0,Louisville,Jacksonville St,2.0,15.0,False,-11.689613561908956,1.2617465709558502,12.951360132864806,0.0575968738458546,0.0863774499101273,0.0969642949221493,1.058684501202202,True,0.63,25.51,-24.880000000000003,0.01721511540785923,0.0969642949221493,0.9030357050778507,0.9827848845921408,-7.974917951429006,True,True,Louisville,Louisville,both_correct
2019,Purdue,Tennessee,1345,1397,1,Purdue,Tennessee,3.0,2.0,True,-1.3023725741204384,10.984397609854229,12.286770183974667,0.4740902672847733,0.4240463846796956,0.4329485602788875,0.890217559919193,False,26.81,26.24,0.5700000000000003,0.514018590868061,0.4329485602788875,0.4329485602788875,0.514018590868061,-8.10700305891735,False,True,Tennessee,Purdue,kenpom_only_correct
2019,Syracuse,Baylor,1393,1124,0,Baylor,Syracuse,9.0,8.0,True,0.6111060412720661,5.842915685224511,5.231809643952445,0.5536535553837952,0.5179714651743883,0.5188790675994727,0.0907602425084364,False,15.13,16.48,-1.3499999999999996,0.4370174558175837,0.5188790675994727,0.48112093240052733,0.5629825441824163,-8.1861611781889,False,True,Syracuse,Baylor,kenpom_only_correct
2019,Virginia,Oregon,1438,1332,1,Virginia,Oregon,1.0,12.0,False,9.986481202456105,17.675547784312187,7.689066581856082,0.7895940584050413,0.8726371727531024,0.8489640012171504,-2.3673171535951942,True,34.22,17.86,16.36,0.9308802546779773,0.8489640012171504,0.8489640012171504,0.9308802546779773,-8.191625346082688,True,True,Virginia,Virginia,both_correct
2017,TX Southern,North Carolina,1411,1314,0,North Carolina,TX Southern,1.0,16.0,False,-12.698897117592567,1.5201795415963772,14.219076659188945,0.0975417756950983,0.0718825921293617,0.0873194454524917,1.543685332313005,True,-4.04,28.22,-32.26,0.005305337452193018,0.0873194454524917,0.9126805545475083,0.994694662547807,-8.201410800029873,True,True,North Carolina,North Carolina,both_correct
2018,Gonzaga,UNC Greensboro,1211,1422,1,Gonzaga,UNC Greensboro,4.0,13.0,False,8.383365028055309,15.073452461663464,6.690087433608156,0.8443132159035494,0.8330926607444589,0.8167699684570794,-1.632269228737948,True,23.03,9.22,13.81,0.8992949771513696,0.8167699684570794,0.8167699684570794,0.8992949771513696,-8.252500869429024,True,True,Gonzaga,Gonzaga,both_correct
2017,Florida,Wisconsin,1196,1458,1,Florida,Wisconsin,4.0,8.0,False,2.2348704234252335,13.301054672563096,11.066184249137862,0.5332142369465691,0.5969495279124892,0.5833880666179421,-1.356146129454716,True,27.5,22.99,4.510000000000002,0.6661739768807642,0.5833880666179421,0.5833880666179421,0.6661739768807642,-8.27859102628221,True,True,Florida,Florida,both_correct
2018,Michigan,Texas A&M,1276,1401,1,Michigan,Texas A&M,3.0,7.0,False,4.247425071513492,10.812662089439629,6.565237017926137,0.6701545120978027,0.6879277747901267,0.6729767526859437,-1.4951022104182976,True,24.2,16.96,7.239999999999998,0.755988094341348,0.6729767526859437,0.6729767526859437,0.755988094341348,-8.301134165540425,True,True,Michigan,Michigan,both_correct
2017,N Kentucky,Kentucky,1297,1246,0,Kentucky,N Kentucky,2.0,15.0,False,-11.90496025541455,2.142361157139746,14.047321412554297,0.096481054655871,0.0830779507896837,0.0982716095248107,1.519365873512707,True,1.91,27.72,-25.81,0.0148550207385681,0.0982716095248107,0.9017283904751893,0.9851449792614319,-8.341658878624258,True,True,Kentucky,Kentucky,both_correct
2021,Rutgers,Clemson,1353,1155,1,Rutgers,Clemson,10.0,7.0,True,-0.5071650765735853,2.8663811310835996,3.373546207657185,0.7008599356176057,0.4628057812141413,0.4870238106494763,2.421802943533502,False,17.48,15.48,2.0,0.5711393538448551,0.4870238106494763,0.4870238106494763,0.5711393538448551,-8.411554319537885,False,True,Clemson,Rutgers,kenpom_only_correct
2018,TX Southern,Xavier,1411,1462,0,Xavier,TX Southern,1.0,16.0,False,-12.044948137970836,-1.9410121161184577,10.103936021852377,0.0779692300223026,0.0809949678955332,0.0944190681036717,1.3424100208138472,True,-6.65,21.51,-28.160000000000004,0.010220362987686063,0.0944190681036717,0.9055809318963283,0.989779637012314,-8.419870511598571,True,True,Xavier,Xavier,both_correct
2019,Michigan,Florida,1276,1196,1,Michigan,Florida,2.0,10.0,False,6.2889264612098685,12.621010358346709,6.33208389713684,0.6970579815212855,0.7674284755370421,0.7447166285030258,-2.2711847034016297,True,28.32,18.3,10.02,0.8290263790682871,0.7447166285030258,0.7447166285030258,0.8290263790682871,-8.430975056526135,True,True,Michigan,Michigan,both_correct
2017,Maryland,Xavier,1268,1462,0,Xavier,Maryland,11.0,6.0,True,0.0308924724828045,5.40889755298781,5.378005080505005,0.4124608686729804,0.489318456068527,0.4820320731329592,-0.728638293556777,True,14.34,16.7,-2.3599999999999994,0.39747092715898674,0.4820320731329592,0.5179679268670407,0.6025290728410133,-8.456114597397256,True,True,Xavier,Xavier,both_correct
2021,TX Southern,Mt St Mary's,1411,1291,1,TX Southern,Mt St Mary's,16.0,16.0,False,-0.1560225391726817,1.0538056662432354,1.209828205415917,0.6494062701189065,0.4800938113741125,0.4962299348037666,1.6136123429654148,False,-4.37,-6.62,2.25,0.5809764362038269,0.4962299348037666,0.4962299348037666,0.5809764362038269,-8.474650140006029,False,True,Mt St Mary's,TX Southern,kenpom_only_correct
2021,USC,Oregon,1425,1332,1,USC,Oregon,6.0,7.0,False,3.1170329681101805,8.947346384733208,5.830313416623028,0.5836181972284962,0.6380902945444852,0.6227231379434491,-1.5367156601036047,True,27.58,21.85,5.729999999999997,0.7083752891612278,0.6227231379434491,0.6227231379434491,0.7083752891612278,-8.56521512177787,True,True,USC,USC,both_correct
2017,Duke,South Carolina,1181,1376,0,South Carolina,Duke,7.0,2.0,True,5.023320094986163,12.270535561950725,7.247215466964562,0.7695694644264653,0.7198595714463825,0.7099146630027593,-0.9944908443623168,False,24.17,20.8,3.370000000000001,0.6241605793894349,0.7099146630027593,0.2900853369972407,0.3758394206105651,-8.575408361332437,False,False,Duke,Duke,both_incorrect
2017,North Carolina,Gonzaga,1314,1211,1,North Carolina,Gonzaga,1.0,1.0,False,-6.021535355521506,14.219076659188945,20.24061201471045,0.3928130698795811,0.2246649124044634,0.2534194380623574,2.8754525657893963,False,28.22,32.05,-3.8299999999999983,0.3423427755944534,0.2534194380623574,0.2534194380623574,0.3423427755944534,-8.892333753209602,False,False,Gonzaga,Gonzaga,both_incorrect
2018,Iona,Duke,1233,1181,0,Duke,Iona,2.0,15.0,False,-11.800377508835778,3.6234645378307135,15.423842046666492,0.1351271498175161,0.0846657845719624,0.1029506368561157,1.8284852284153288,True,2.63,28.86,-26.23,0.013896498652715505,0.1029506368561157,0.8970493631438843,0.9861035013472845,-8.905413820340025,True,True,Duke,Duke,both_correct
2023,SE Missouri St,TAM C. Christi,1369,1394,0,TAM C. Christi,SE Missouri St,16.0,16.0,False,-3.6859801469014286,-1.1749599083620552,2.5110202385393734,0.4168959003953516,0.3149274753883561,0.3351286162666877,2.0201140878331634,True,-7.21,-0.48,-6.73,0.2459851814093327,0.3351286162666877,0.6648713837333122,0.7540148185906673,-8.91434348573551,True,True,TAM C. Christi,TAM C. Christi,both_correct
2019,North Carolina,Washington,1314,1449,1,North Carolina,Washington,1.0,9.0,False,8.154738199528923,14.228923070543717,6.074184871014793,0.7604827910033907,0.8267160456033125,0.8035108618077195,-2.3205183795593,True,27.69,14.28,13.410000000000002,0.8933060199608374,0.8035108618077195,0.8035108618077195,0.8933060199608374,-8.979515815311789,True,True,North Carolina,North Carolina,both_correct
2021,Villanova,Baylor,1437,1124,0,Baylor,Villanova,1.0,5.0,False,-6.710107077216961,6.99346706456528,13.70357414178224,0.4114389752021044,0.201854099791645,0.2337330224052336,3.18789226135886,True,23.02,33.87,-10.849999999999998,0.14381170505022337,0.2337330224052336,0.7662669775947664,0.8561882949497767,-8.99213173550103,True,True,Baylor,Baylor,both_correct
2022,Kansas,Providence,1242,1344,1,Kansas,Providence,1.0,4.0,False,6.962260764555623,11.822072939446755,4.8598121748911325,0.7769267158497168,0.7903269884172601,0.7719747915189157,-1.835219689834444,True,27.49,15.89,11.599999999999998,0.8621572262221278,0.7719747915189157,0.7719747915189157,0.8621572262221278,-9.018243470321208,True,True,Kansas,Kansas,both_correct
2018,Florida St,Michigan,1199,1276,0,Michigan,Florida St,3.0,9.0,False,-3.652373882883056,7.160288206556572,10.812662089439629,0.5343064748260733,0.3163619212507412,0.3459819990302148,2.962007777947362,True,17.77,24.2,-6.43,0.25506044687969803,0.3459819990302148,0.6540180009697851,0.744939553120302,-9.09215521505169,True,True,Michigan,Michigan,both_correct
2022,Kansas,Miami FL,1242,1274,1,Kansas,Miami FL,1.0,10.0,False,7.356750727670615,11.822072939446755,4.46532221177614,0.8503080393695738,0.8029521122917411,0.7906731648108597,-1.227894748088143,True,27.49,14.8,12.689999999999998,0.8817338611896909,0.7906731648108597,0.7906731648108597,0.8817338611896909,-9.106069637883119,True,True,Kansas,Kansas,both_correct
2017,Kansas,UC Davis,1242,1413,1,Kansas,UC Davis,1.0,16.0,False,12.305119159575796,11.670842767579842,-0.6342763919959538,0.9328986417573206,0.9154939070125444,0.902777110028412,-1.2716796984132417,True,27.45,-4.41,31.86,0.9939267185371925,0.902777110028412,0.902777110028412,0.9939267185371925,-9.11496085087805,True,True,Kansas,Kansas,both_correct
2022,Creighton,Kansas,1166,1242,0,Kansas,Creighton,1.0,9.0,False,-7.733095136758607,4.088977802688149,11.822072939446755,0.1686225566168328,0.1712367409026455,0.1871751222938234,1.593838139117787,True,13.78,27.49,-13.709999999999999,0.09579810592726729,0.1871751222938234,0.8128248777061766,0.9042018940727328,-9.137701636655615,True,True,Kansas,Kansas,both_correct
2017,Kentucky,UCLA,1246,1417,1,Kentucky,UCLA,2.0,3.0,False,1.306396193237248,14.047321412554297,12.740925219317049,0.677121414081099,0.5521361431582967,0.559233811106524,0.7097667948227304,True,27.72,23.63,4.09,0.6509590303331364,0.559233811106524,0.559233811106524,0.6509590303331364,-9.172521922661236,True,True,Kentucky,Kentucky,both_correct
2023,Louisiana,Tennessee,1418,1397,0,Tennessee,Louisiana,4.0,13.0,False,-8.613757227617683,4.998819061730188,13.61257628934787,0.2035299964181493,0.1479330516096266,0.1689268150810318,2.099376347140516,True,8.51,23.8,-15.290000000000001,0.07590088436382816,0.1689268150810318,0.8310731849189682,0.9240991156361719,-9.302593071720366,True,True,Tennessee,Tennessee,both_correct
2017,UCLA,Cincinnati,1417,1153,1,UCLA,Cincinnati,3.0,6.0,False,-0.3303751005623496,12.740925219317049,13.071300319879398,0.2960209104270273,0.4715012406206491,0.4556145589289373,-1.5886681691711813,False,23.63,22.18,1.4499999999999993,0.5493094910314447,0.4556145589289373,0.4556145589289373,0.5493094910314447,-9.369493210250734,False,True,Cincinnati,UCLA,kenpom_only_correct
2019,Georgia St,Houston,1209,1222,0,Houston,Georgia St,3.0,14.0,False,-10.2915758257853,2.878007588045449,13.16958341383075,0.2329666670864389,0.110815286148224,0.1352672202848846,2.445193413666065,True,4.85,24.13,-19.28,0.04139618270851745,0.1352672202848846,0.8647327797151154,0.9586038172914826,-9.387103757636716,True,True,Houston,Houston,both_correct
2021,St Bonaventure,LSU,1382,1261,0,LSU,St Bonaventure,8.0,9.0,False,0.9702078088734396,8.043699174952906,7.073491366079466,0.5547636628482376,0.5356580944287687,0.533788322220435,-0.186977220833362,False,19.04,20.35,-1.3100000000000023,0.4386038015448169,0.533788322220435,0.46621167777956496,0.5613961984551832,-9.518452067561823,False,True,St Bonaventure,LSU,kenpom_only_correct
2021,Hartford,Baylor,1216,1124,0,Baylor,Hartford,1.0,16.0,False,-12.30354610483191,1.4000280369503315,13.70357414178224,0.182891706182577,0.0772719722700895,0.0983597743097544,2.108780203966486,True,-2.98,33.87,-36.849999999999994,0.00253936899197565,0.0983597743097544,0.9016402256902456,0.9974606310080244,-9.58204053177788,True,True,Baylor,Baylor,both_correct
2018,Gonzaga,Florida St,1211,1199,0,Florida St,Gonzaga,9.0,4.0,True,7.913164255106892,15.073452461663464,7.160288206556572,0.6388398655668585,0.8197707313818969,0.7884354890132215,-3.1335242368675464,False,23.03,17.77,5.260000000000002,0.6924879195660782,0.7884354890132215,0.21156451098677853,0.30751208043392175,-9.594756944714323,False,False,Gonzaga,Gonzaga,both_incorrect
2017,Kent,UCLA,1245,1417,0,UCLA,Kent,3.0,14.0,False,-10.816461437787922,1.924463781529127,12.740925219317049,0.1961407433063497,0.1010004970179498,0.1232730819278177,2.2272584909867916,True,1.68,23.63,-21.95,0.02731832173655281,0.1232730819278177,0.8767269180721823,0.9726816782634472,-9.595476019126492,True,True,UCLA,UCLA,both_correct
2018,Georgia St,Cincinnati,1209,1153,0,Cincinnati,Georgia St,2.0,15.0,False,-10.166482850231276,5.706318336013084,15.87280118624436,0.2090053357187166,0.1132744345021918,0.1362169334483435,2.2942498946151773,True,6.92,26.6,-19.68,0.038912865582390335,0.1362169334483435,0.8637830665516565,0.9610871344176096,-9.730406786595314,True,True,Cincinnati,Cincinnati,both_correct
2023,Alabama,TAM C. Christi,1104,1394,1,Alabama,TAM C. Christi,1.0,16.0,False,11.896589340157831,14.407609578697205,2.5110202385393734,0.874091924067345,0.9090355192068188,0.8907174392941779,-1.8318079912640897,True,27.28,-0.48,27.76,0.988308608542332,0.8907174392941779,0.8907174392941779,0.988308608542332,-9.759116924815414,True,True,Alabama,Alabama,both_correct
2021,San Diego St,Syracuse,1361,1393,0,Syracuse,San Diego St,11.0,6.0,True,5.436838417162916,10.049888843784116,4.6130504266212,0.6455570817217535,0.7360378610257543,0.7127015604228332,-2.3336300602921134,False,19.88,16.75,3.129999999999999,0.6150464525002631,0.7127015604228332,0.28729843957716683,0.38495354749973687,-9.765510792257004,False,False,San Diego St,San Diego St,both_incorrect
2022,Wyoming,Indiana,1461,1231,0,Indiana,Wyoming,12.0,12.0,False,0.218253123304521,6.261375683484317,6.043122560179796,0.5825380252309846,0.4985723955744715,0.5053041214852672,0.6731725910795627,False,11.94,14.04,-2.0999999999999996,0.40754561686274404,0.5053041214852672,0.49469587851473285,0.592454383137256,-9.775850462252311,False,True,Wyoming,Indiana,kenpom_only_correct
2022,CS Fullerton,Duke,1168,1181,0,Duke,CS Fullerton,2.0,15.0,False,-10.740600809511534,1.8948802031006269,12.63548101261216,0.1176158283769274,0.102369741125752,0.1187917802426524,1.642203911690043,True,1.47,25.15,-23.68,0.020810864834297744,0.1187917802426524,0.8812082197573476,0.9791891351657023,-9.798091540835463,True,True,Duke,Duke,both_correct
2022,Boise St,Memphis,1129,1272,0,Memphis,Boise St,9.0,8.0,True,0.0806328830095566,7.505589834071515,7.424956951061958,0.6557168441043941,0.4917747344097912,0.5066453816444989,1.4870647234707657,False,15.14,17.23,-2.09,0.4079347202977232,0.5066453816444989,0.4933546183555011,0.5920652797022767,-9.871066134677564,False,True,Boise St,Memphis,kenpom_only_correct
2019,Virginia Tech,St Louis,1439,1387,1,Virginia Tech,St Louis,4.0,13.0,False,9.334862978620777,12.145065916694762,2.810202938073985,0.913030784708102,0.8576272498404249,0.8470621076145834,-1.0565142225841484,True,24.07,6.02,18.05,0.9464749867622456,0.8470621076145834,0.8470621076145834,0.9464749867622456,-9.941287914766217,True,True,Virginia Tech,Virginia Tech,both_correct
2022,Villanova,Kansas,1437,1242,0,Kansas,Villanova,1.0,2.0,False,-0.5059756965195561,11.3160972429272,11.822072939446755,0.5883279617528576,0.4628642116202268,0.47591263502919,1.3048423408963228,True,24.56,27.49,-2.9299999999999997,0.37569609332149756,0.47591263502919,0.52408736497081,0.6243039066785024,-10.021654170769246,True,True,Kansas,Kansas,both_correct
2023,Nevada,Arizona St,1305,1113,0,Arizona St,Nevada,11.0,11.0,False,1.7207117067029998,5.490819170294785,3.770107463591785,0.6196423612099243,0.5722834289153593,0.5704651354227946,-0.1818293492564682,False,12.74,13.26,-0.5199999999999996,0.4701505945974545,0.5704651354227946,0.42953486457720536,0.5298494054025455,-10.031454082534019,False,True,Nevada,Arizona St,kenpom_only_correct
2023,Grand Canyon,Gonzaga,1213,1211,0,Gonzaga,Grand Canyon,3.0,14.0,False,-9.219653802130878,2.796543304002185,12.016197106133063,0.2397920648179007,0.1334688738443953,0.1578336562047813,2.4364782360386057,True,5.88,23.02,-17.14,0.057460686513049516,0.1578336562047813,0.8421663437952187,0.9425393134869505,-10.037296969173182,True,True,Gonzaga,Gonzaga,both_correct
2023,UNC Asheville,UCLA,1421,1417,0,UCLA,UNC Asheville,2.0,15.0,False,-10.579841778652169,3.001172526712864,13.58101430536503,0.0637098933572645,0.105325795159817,0.1152567726986713,0.9930977538854274,True,1.22,27.29,-26.07,0.01425424051919269,0.1152567726986713,0.8847432273013287,0.9857457594808073,-10.100253217947863,True,True,UCLA,UCLA,both_correct
2022,TX Southern,TAM C. Christi,1411,1394,1,TX Southern,TAM C. Christi,16.0,16.0,False,2.256434072862959,1.8175735948038607,-0.4388604780590981,0.6097504061750311,0.5979742913883541,0.5911179581667522,-0.6856333221601951,True,-1.28,-6.55,5.27,0.6928309312606339,0.5911179581667522,0.5911179581667522,0.6928309312606339,-10.171297309388173,True,True,TX Southern,TX Southern,both_correct
2017,Florida St,Xavier,1199,1462,0,Xavier,Florida St,11.0,3.0,True,5.658238004932398,11.036243085437404,5.378005080505005,0.7130003032203832,0.7444493477708015,0.7257643576256269,-1.8684990145174665,False,20.06,16.7,3.3599999999999994,0.6237825245706353,0.7257643576256269,0.27423564237437315,0.3762174754293647,-10.198183305499153,False,False,Florida St,Florida St,both_incorrect
2017,Virginia,Florida,1438,1196,0,Florida,Virginia,4.0,5.0,False,-0.443578996296436,12.85747567626666,13.301054672563096,0.4968709335654991,0.4659309523362466,0.4701544432245882,0.4223490888341619,True,24.29,27.5,-3.210000000000001,0.36517506743286055,0.4701544432245882,0.5298455567754118,0.6348249325671395,-10.497937579172767,True,True,Florida,Florida,both_correct
2017,Kansas,Michigan St,1242,1277,1,Kansas,Michigan St,1.0,9.0,False,6.565500632015869,11.670842767579842,5.105342135563973,0.8100503271548797,0.7770397849204537,0.7635383372994092,-1.3501447621044438,True,27.45,15.51,11.94,0.8685395687334742,0.7635383372994092,0.7635383372994092,0.8685395687334742,-10.500123143406492,True,True,Kansas,Kansas,both_correct
2018,Seton Hall,NC State,1371,1301,1,Seton Hall,NC State,8.0,9.0,False,0.6590996513335767,6.752115331471828,6.093015680138251,0.5925551367382066,0.5203388512557355,0.5244500969892273,0.4111245733491753,True,18.04,14.52,3.5199999999999996,0.6298130311002146,0.5244500969892273,0.5244500969892273,0.6298130311002146,-10.536293411098729,True,True,Seton Hall,Seton Hall,both_correct
2017,Michigan St,Miami FL,1277,1274,1,Michigan St,Miami FL,9.0,8.0,True,-1.6844832829034004,5.105342135563973,6.789825418467373,0.3377615170860441,0.4057196177161026,0.4050312768079661,-0.0688340908136464,False,15.51,15.03,0.4800000000000004,0.5103954018571474,0.4050312768079661,0.4050312768079661,0.5103954018571474,-10.53641250491813,False,True,Miami FL,Michigan St,kenpom_only_correct
2021,UCLA,Alabama,1417,1104,1,UCLA,Alabama,11.0,2.0,True,-5.3691867972462575,4.492605950533914,9.861792747780171,0.4664592697478538,0.2479115353985636,0.2798277637658495,3.191622836728589,False,22.43,25.09,-2.66,0.3859538379807086,0.2798277637658495,0.2798277637658495,0.3859538379807086,-10.612607421485908,False,False,Alabama,Alabama,both_incorrect
2019,Iowa,Cincinnati,1234,1153,1,Iowa,Cincinnati,10.0,7.0,True,-3.994399883054456,5.20163159942453,9.196031482478986,0.438356118699887,0.3019296780311318,0.3255972325328824,2.366755450175062,False,16.02,17.5,-1.4800000000000004,0.4318708850489946,0.3255972325328824,0.3255972325328824,0.4318708850489946,-10.62736525161122,False,False,Cincinnati,Cincinnati,both_incorrect
2018,Villanova,Texas Tech,1437,1403,1,Villanova,Texas Tech,1.0,3.0,False,6.438303584826045,16.82057650710381,10.382272922277764,0.6707904709175198,0.7726550472975128,0.747315441622281,-2.5339605675231747,True,33.76,22.59,11.169999999999998,0.8537148160138425,0.747315441622281,0.747315441622281,0.8537148160138425,-10.639937439156144,True,True,Villanova,Villanova,both_correct
2017,Rhode Island,Oregon,1348,1332,0,Oregon,Rhode Island,3.0,11.0,False,-4.386794867737393,8.345758405650557,12.73255327338795,0.3173981157508901,0.2858425142524577,0.3015534267605107,1.5710912508052954,True,16.26,25.02,-8.759999999999998,0.19042834837560893,0.3015534267605107,0.6984465732394893,0.809571651624391,-11.11250783849017,True,True,Oregon,Oregon,both_correct
2021,Oral Roberts,Arkansas,1331,1116,0,Arkansas,Oral Roberts,3.0,15.0,False,-8.296644120518934,1.3214641399563618,9.618108260475296,0.1610448271816748,0.1560068966672058,0.1726917002986306,1.6684803631424716,True,4.83,21.56,-16.729999999999997,0.0611449165787536,0.1726917002986306,0.8273082997013694,0.9388550834212464,-11.154678371987693,True,True,Arkansas,Arkansas,both_correct
2021,Oregon St,Oklahoma St,1333,1329,1,Oregon St,Oklahoma St,12.0,4.0,True,-4.784687432394847,0.4910641468405856,5.275751579235433,0.2122948961928096,0.2700664231254584,0.2778702556491699,0.7803832523711474,False,16.4,18.95,-2.5500000000000007,0.3901627102322033,0.2778702556491699,0.2778702556491699,0.3901627102322033,-11.229245458303339,False,False,Oklahoma St,Oklahoma St,both_incorrect
2017,Arizona,St Mary's CA,1112,1388,1,Arizona,St Mary's CA,2.0,7.0,False,-3.3263283149898513,11.337660394608164,14.663988709598016,0.595867243286114,0.3304577282269053,0.3635170140861381,3.3059285859232848,False,23.31,23.67,-0.360000000000003,0.4765773089461583,0.3635170140861381,0.3635170140861381,0.4765773089461583,-11.306029486002018,False,False,St Mary's CA,St Mary's CA,both_incorrect
2018,Butler,Arkansas,1139,1116,1,Butler,Arkansas,10.0,7.0,True,1.138455787765125,7.44923385266452,6.310778064899395,0.6296043454774157,0.5439166723243211,0.5476740635755818,0.3757391251260733,True,19.05,14.69,4.360000000000001,0.6607776908868451,0.5476740635755818,0.5476740635755818,0.6607776908868451,-11.310362731126332,True,True,Butler,Butler,both_correct
2019,UCF,VCU,1416,1433,1,UCF,VCU,9.0,8.0,True,-1.5615854081448362,7.325913533251395,8.887498941396231,0.6904776851673938,0.4115880245665742,0.442562392224271,3.097436765769684,False,16.51,14.89,1.620000000000001,0.5560812336321632,0.442562392224271,0.442562392224271,0.5560812336321632,-11.35188414078922,False,True,VCU,UCF,kenpom_only_correct
2018,Villanova,Kansas,1437,1242,1,Villanova,Kansas,1.0,1.0,False,5.445722238065512,16.82057650710381,11.374854269038297,0.7379242625987988,0.7363787758750078,0.7209959093026395,-1.5382866572368314,True,33.76,23.49,10.27,0.834660557465561,0.7209959093026395,0.7209959093026395,0.834660557465561,-11.366464816292154,True,True,Villanova,Villanova,both_correct
2021,Michigan St,UCLA,1277,1417,0,UCLA,Michigan St,11.0,11.0,False,-4.593071381960385,-0.1004654314264712,4.492605950533914,0.2415450061856009,0.2775950428067828,0.2873561905298841,0.9761147723101272,True,12.9,22.43,-9.53,0.1720315219603264,0.2873561905298841,0.712643809470116,0.8279684780396737,-11.53246685695577,True,True,UCLA,UCLA,both_correct
2018,Villanova,West Virginia,1437,1452,1,Villanova,West Virginia,1.0,5.0,False,6.190368161165793,16.82057650710381,10.630208345938016,0.6820325247243088,0.7639344506064494,0.7403864730687935,-2.354797753765592,True,33.76,22.44,11.319999999999997,0.8567074650115067,0.7403864730687935,0.7403864730687935,0.8567074650115067,-11.632099194271328,True,True,Villanova,Villanova,both_correct
2018,Rhode Island,Duke,1348,1181,0,Duke,Rhode Island,2.0,7.0,False,-7.668628921442801,7.75521312522369,15.423842046666492,0.2848642837759788,0.1730520922397122,0.1983293818561443,2.5277289616432053,True,13.93,28.86,-14.93,0.08007082371799237,0.1983293818561443,0.8016706181438558,0.9199291762820077,-11.825855813815188,True,True,Duke,Duke,both_correct
2022,Purdue,Yale,1345,1463,1,Purdue,Yale,3.0,14.0,False,9.361522599899914,11.28290856469711,1.921385964797196,0.877289033034738,0.8582692651052086,0.8430907231948302,-1.5178541910378374,True,22.36,1.98,20.38,0.9626019791941569,0.8430907231948302,0.8430907231948302,0.9626019791941569,-11.951125599932666,True,True,Purdue,Purdue,both_correct
2022,Michigan St,Davidson,1277,1172,1,Michigan St,Davidson,7.0,10.0,False,-2.9919295064682387,5.285965095830505,8.277894602298744,0.4895443722167816,0.3452377815783011,0.3673244512117394,2.208666963343825,False,14.76,14.85,-0.08999999999999986,0.4874388936387772,0.3673244512117394,0.3673244512117394,0.4874388936387772,-12.011444242703778,False,False,Davidson,Davidson,both_incorrect
2021,Loyola-Chicago,Oregon St,1260,1333,0,Oregon St,Loyola-Chicago,12.0,8.0,True,11.843104635926466,12.334168782767051,0.4910641468405856,0.932313927505082,0.908157823304896,0.8957812104962386,-1.237661280865754,False,24.32,16.4,7.920000000000002,0.7756293200733169,0.8957812104962386,0.1042187895037614,0.22437067992668314,-12.015189042292175,False,False,Loyola-Chicago,Loyola-Chicago,both_incorrect
2022,Delaware,Villanova,1174,1437,0,Villanova,Delaware,2.0,15.0,False,-9.028992996208189,2.287104246719011,11.3160972429272,0.0895047289821361,0.1378865791855253,0.1482578111168371,1.0371231931311842,True,2.64,24.56,-21.919999999999998,0.027447060077722525,0.1482578111168371,0.8517421888831629,0.9725529399222774,-12.081075103911454,True,True,Villanova,Villanova,both_correct
2017,Iona,Oregon,1233,1332,0,Oregon,Iona,3.0,14.0,False,-8.998861099880557,3.733692173507393,12.73255327338795,0.1276617047803434,0.1385958846405315,0.1535060182948219,1.4910133654290336,True,4.2,25.02,-20.82,0.03259604002010276,0.1535060182948219,0.8464939817051781,0.9674039599798973,-12.090997827471917,True,True,Oregon,Oregon,both_correct
2022,TX Southern,Kansas,1411,1242,0,Kansas,TX Southern,1.0,16.0,False,-10.004499344642896,1.8175735948038607,11.822072939446755,0.1192093225774545,0.1165294126607983,0.1322994714326054,1.5770058771807125,True,-1.28,27.49,-28.77,0.00927248685182311,0.1322994714326054,0.8677005285673947,0.9907275131481769,-12.30269845807822,True,True,Kansas,Kansas,both_correct
2023,St Mary's CA,VCU,1388,1433,1,St Mary's CA,VCU,5.0,12.0,False,3.4506933935369233,10.861111340506923,7.41041794697,0.856112735930446,0.6531730070711984,0.6653118292965845,1.2138822225386092,True,21.24,12.84,8.399999999999999,0.788801516976283,0.6653118292965845,0.6653118292965845,0.788801516976283,-12.348968767969847,True,True,St Mary's CA,St Mary's CA,both_correct
2017,Duke,Troy,1181,1407,1,Duke,Troy,2.0,15.0,False,9.58043333041657,12.270535561950725,2.690102231534155,0.8777592314225342,0.8634500251504389,0.8478728102884925,-1.557721486194641,True,24.17,2.04,22.130000000000003,0.9715292774421863,0.8478728102884925,0.8478728102884925,0.9715292774421863,-12.365646715369383,True,True,Duke,Duke,both_correct
2019,Michigan St,Duke,1277,1181,1,Michigan St,Duke,2.0,1.0,True,-2.1812709843690374,14.35796365602006,16.539234640389097,0.2389898193114846,0.3822867024510572,0.3750586215900328,-0.7228080861024444,False,30.81,30.62,0.18999999999999773,0.4987151687018424,0.3750586215900328,0.3750586215900328,0.4987151687018424,-12.365654711180962,False,False,Duke,Duke,both_incorrect
2018,Lipscomb,North Carolina,1252,1314,0,North Carolina,Lipscomb,2.0,15.0,False,-9.205539160699246,1.899749153318666,11.105288314017912,0.1084432016790001,0.13379176955647,0.1470063177957155,1.3214548239245478,True,0.43,23.59,-23.16,0.02258857588404581,0.1470063177957155,0.8529936822042845,0.9774114241159542,-12.441774191166965,True,True,North Carolina,North Carolina,both_correct
2022,USC,Miami FL,1425,1274,0,Miami FL,USC,10.0,7.0,True,1.9302024079665188,6.395524619742659,4.46532221177614,0.7203636946107506,0.5823842569986177,0.5890021233221199,0.6617866323502142,False,14.14,14.8,-0.6600000000000001,0.4645352545770443,0.5890021233221199,0.4109978766778801,0.5354647454229557,-12.446686874507563,False,True,USC,Miami FL,kenpom_only_correct
2019,Michigan St,LSU,1277,1261,1,Michigan St,LSU,2.0,3.0,False,5.709754041476883,14.35796365602006,8.648209614543177,0.5747352840760422,0.7463811197311891,0.7164060068196456,-2.9975112911543533,True,30.81,20.22,10.59,0.8416538404205197,0.7164060068196456,0.7164060068196456,0.8416538404205197,-12.52478336008741,True,True,Michigan St,Michigan St,both_correct
2023,USC,Michigan St,1425,1277,0,Michigan St,USC,7.0,10.0,False,0.485886051526279,5.52493686139735,5.039050809871071,0.5379122731637707,0.5117911930678848,0.5122715569556809,0.0480363887796153,False,14.85,17.61,-2.76,0.38214231102888835,0.5122715569556809,0.48772844304431906,0.6178576889711116,-13.012924592679253,False,True,USC,Michigan St,kenpom_only_correct
2023,Kansas,Howard,1242,1224,1,Kansas,Howard,1.0,16.0,False,9.53660116404684,9.15723911936024,-0.3793620446866015,0.9091018982262604,0.8624256178325455,0.8507793869971048,-1.1646230835440696,True,22.85,-3.38,26.23,0.9850887728725083,0.8507793869971048,0.8507793869971048,0.9850887728725083,-13.430938587540354,True,True,Kansas,Kansas,both_correct
2022,Auburn,Jacksonville St,1120,1240,1,Auburn,Jacksonville St,2.0,15.0,False,8.740441810177316,11.367336863532358,2.6268950533550424,0.9012371292634576,0.8426745221008031,0.8321217410446832,-1.0552781056119898,True,23.2,1.97,21.23,0.9672318268885943,0.8321217410446832,0.8321217410446832,0.9672318268885943,-13.511008584391115,True,True,Auburn,Auburn,both_correct
2023,Pittsburgh,Xavier,1338,1462,0,Xavier,Pittsburgh,3.0,11.0,False,-2.8866440036698435,4.9921396769649675,7.878783680634811,0.503587091008303,0.3499555835246482,0.3725679190543265,2.2612335529678393,True,12.86,19.95,-7.09,0.23538561011769868,0.3725679190543265,0.6274320809456735,0.7646143898823013,-13.718230893662787,True,True,Xavier,Xavier,both_correct
2017,West Virginia,Bucknell,1452,1137,1,West Virginia,Bucknell,4.0,13.0,False,7.9422144373744175,14.776945897349364,6.834731459974947,0.8527846652048633,0.8206172827281074,0.8065277868683558,-1.408949585975161,True,27.17,9.38,17.79,0.9443125474008485,0.8065277868683558,0.8065277868683558,0.9443125474008485,-13.778476053249268,True,True,West Virginia,West Virginia,both_correct
2017,FL Gulf Coast,Florida St,1195,1199,0,Florida St,FL Gulf Coast,3.0,14.0,False,-6.726970693771092,4.309272391666312,11.036243085437404,0.2015134091059151,0.2013177806727104,0.2171628114626546,1.5845030789944232,True,5.07,20.06,-14.989999999999998,0.079361594959039,0.2171628114626546,0.7828371885373454,0.9206384050409611,-13.780121650361565,True,True,Florida St,Florida St,both_correct
2022,UAB,Houston,1412,1222,0,Houston,UAB,5.0,12.0,False,-6.594816719048708,9.365882298308094,15.960699017356802,0.3124934703798647,0.2055493014353678,0.2301953133031611,2.464601186779334,True,13.67,27.7,-14.03,0.09142399990580552,0.2301953133031611,0.7698046866968389,0.9085760000941945,-13.87713133973556,True,True,Houston,Houston,both_correct
2018,Syracuse,Arizona St,1393,1113,1,Syracuse,Arizona St,11.0,11.0,False,-2.566657289065958,4.382211784089947,6.948869073155905,0.445474299402479,0.3644722236064346,0.380038400536005,1.5566176929570408,False,14.82,14.13,0.6899999999999995,0.5188471529014219,0.380038400536005,0.380038400536005,0.5188471529014219,-13.88087523654169,False,True,Arizona St,Syracuse,kenpom_only_correct
2023,Connecticut,Miami FL,1163,1274,1,Connecticut,Miami FL,4.0,5.0,False,5.926701578199143,12.565029406010808,6.638327827811665,0.6276306088994663,0.7544099546572935,0.7276166043501476,-2.6793350307145913,True,29.86,17.94,11.919999999999998,0.8681711856447015,0.7276166043501476,0.7276166043501476,0.8681711856447015,-14.055458129455388,True,True,Connecticut,Connecticut,both_correct
2018,West Virginia,Marshall,1452,1267,1,West Virginia,Marshall,5.0,13.0,False,7.167850811355933,10.630208345938016,3.4623575345820825,0.8476035785607854,0.7969794827144021,0.7851329347359476,-1.1846547978454525,True,22.44,6.53,15.91,0.9260666976959422,0.7851329347359476,0.7851329347359476,0.9260666976959422,-14.09337629599946,True,True,West Virginia,West Virginia,both_correct
2017,Arizona,North Dakota,1112,1315,1,Arizona,North Dakota,2.0,15.0,False,8.801130866764055,11.337660394608164,2.5365295278441096,0.9090369273339196,0.8442578375690647,0.8346568442751916,-0.9600993293873096,True,23.31,0.04,23.27,0.976192992244366,0.8346568442751916,0.8346568442751916,0.976192992244366,-14.153614796917434,True,True,Arizona,Arizona,both_correct
2018,Michigan St,Bucknell,1277,1137,1,Michigan St,Bucknell,3.0,14.0,False,7.996645548263375,14.86799093415256,6.871345385889185,0.8230134360139829,0.8221950886773007,0.8048266912809023,-1.7368397396398394,True,25.41,7.31,18.1,0.946881658097636,0.8048266912809023,0.8048266912809023,0.946881658097636,-14.205496681673369,True,True,Michigan St,Michigan St,both_correct
2021,Michigan,Florida St,1276,1199,1,Michigan,Florida St,1.0,4.0,False,2.825422813580616,9.345037560386814,6.519614746806198,0.6971941696413729,0.6246806344398859,0.6219351641323285,-0.274547030755734,True,29.67,22.12,7.550000000000001,0.7650840837426468,0.6219351641323285,0.6219351641323285,0.7650840837426468,-14.314891961031828,True,True,Michigan,Michigan,both_correct
2018,Radford,LIU Brooklyn,1347,1254,1,Radford,LIU Brooklyn,16.0,16.0,False,3.1864951830552712,1.736455184974986,-1.4500399980802854,0.7642651323028753,0.641253928084468,0.6430086054289599,0.1754677344491861,True,0.07,-8.27,8.34,0.787186452135625,0.6430086054289599,0.6430086054289599,0.787186452135625,-14.417784670666512,True,True,Radford,Radford,both_correct
2023,Connecticut,San Diego St,1163,1361,1,Connecticut,San Diego St,4.0,5.0,False,4.237979970861431,12.565029406010808,8.327049435149377,0.6593016763475518,0.6875269624077843,0.6716623070608517,-1.58646553469326,True,29.86,20.34,9.52,0.8173027248842091,0.6716623070608517,0.6716623070608517,0.8173027248842091,-14.564041782335735,True,True,Connecticut,Connecticut,both_correct
2019,Utah St,Washington,1429,1449,0,Washington,Utah St,9.0,8.0,True,4.660526063763415,10.734710934778208,6.074184871014793,0.6099236065710572,0.7051777927048533,0.6827262909091649,-2.2451501795688333,False,15.41,14.28,1.1300000000000008,0.5365149729080582,0.6827262909091649,0.3172737090908351,0.46348502709194184,-14.621131800110676,False,False,Utah St,Utah St,both_incorrect
2017,Baylor,USC,1124,1425,1,Baylor,USC,3.0,11.0,False,5.001202412736575,10.386916679675409,5.385714266938834,0.661177251808199,0.7189773769296188,0.6990373765488727,-1.994000038074617,True,24.23,13.45,10.780000000000001,0.8456913307832283,0.6990373765488727,0.6990373765488727,0.8456913307832283,-14.665395423435568,True,True,Baylor,Baylor,both_correct
2022,Baylor,Norfolk St,1124,1313,1,Baylor,Norfolk St,1.0,16.0,False,8.894983139326273,12.588615731143848,3.6936325918175754,0.927235438099827,0.8466807305374574,0.8397678295156156,-0.6912901021841833,True,27.04,-0.49,27.529999999999998,0.9878725583834308,0.8397678295156156,0.8397678295156156,0.9878725583834308,-14.810472886781522,True,True,Baylor,Baylor,both_correct
2017,Kentucky,Wichita St,1246,1455,1,Kentucky,Wichita St,2.0,10.0,False,-2.144274135399314,14.047321412554297,16.19159554795361,0.5505311956634468,0.3840145172456156,0.4057958555557248,2.178133831010914,False,27.72,26.14,1.5799999999999983,0.5544896606844313,0.4057958555557248,0.4057958555557248,0.5544896606844313,-14.86938051287065,False,True,Wichita St,Kentucky,kenpom_only_correct
2019,Oklahoma,Mississippi,1328,1279,1,Oklahoma,Mississippi,9.0,8.0,True,-0.4873302450443475,4.990118255492504,5.477448500536852,0.4023165763092078,0.4637803348226392,0.4597311925234441,-0.4049142299195118,False,16.94,13.98,2.960000000000001,0.6085409926803014,0.4597311925234441,0.4597311925234441,0.6085409926803014,-14.88098001568573,False,True,Mississippi,Oklahoma,kenpom_only_correct
2022,Michigan,Colorado St,1276,1161,1,Michigan,Colorado St,11.0,6.0,True,-1.5379798512493323,5.419681965960294,6.957661817209626,0.5241770379198493,0.4127181357845786,0.4278395887370959,1.5121452952517211,False,16.61,14.45,2.16,0.5774420707817608,0.4278395887370959,0.4278395887370959,0.5774420707817608,-14.960248204466492,False,True,Colorado St,Michigan,kenpom_only_correct
2022,UCLA,Akron,1417,1103,1,UCLA,Akron,4.0,13.0,False,8.183509213265763,11.753875013633872,3.5703658003681085,0.8596144572637129,0.8275289643682584,0.8134424893187704,-1.4086475049488012,True,24.26,3.62,20.64,0.9640812227580399,0.8134424893187704,0.8134424893187704,0.9640812227580399,-15.063873343926948,True,True,UCLA,UCLA,both_correct
2021,Wisconsin,North Carolina,1458,1314,1,Wisconsin,North Carolina,9.0,8.0,True,-0.5721620038303286,5.870315638137555,6.4424776419678835,0.7212415357405358,0.4596142881392254,0.4865797052093938,2.696541707016842,False,22.4,18.62,3.7799999999999976,0.6395261085405325,0.4865797052093938,0.4865797052093938,0.6395261085405325,-15.294640333113868,False,True,North Carolina,Wisconsin,kenpom_only_correct
2018,Loyola-Chicago,Michigan,1260,1276,0,Michigan,Loyola-Chicago,3.0,11.0,False,-2.392388497225527,8.420273592214102,10.812662089439629,0.3136148332994629,0.3724851546327629,0.3748209466015654,0.2335791968802458,True,16.39,24.2,-7.809999999999999,0.21514980994656097,0.3748209466015654,0.6251790533984346,0.784850190053439,-15.967113665500444,True,True,Michigan,Michigan,both_correct
2018,Auburn,Col Charleston,1120,1158,1,Auburn,Col Charleston,4.0,13.0,False,5.546663750544312,9.48979814776537,3.9431343972210584,0.8268299363384949,0.740232482674471,0.733775551732538,-0.6456930941933003,True,18.69,5.16,13.530000000000001,0.8951349080488196,0.733775551732538,0.733775551732538,0.8951349080488196,-16.13593563162816,True,True,Auburn,Auburn,both_correct
2022,North Carolina,Marquette,1314,1266,1,North Carolina,Marquette,8.0,9.0,False,2.262095330400456,6.556601442853179,4.294506112452723,0.5784506457069805,0.598243188392243,0.5885036379261646,-0.973955046607844,True,20.13,13.06,7.0699999999999985,0.7508997928606324,0.5885036379261646,0.5885036379261646,0.7508997928606324,-16.23961549344678,True,True,North Carolina,North Carolina,both_correct
2019,Tennessee,Colgate,1397,1159,1,Tennessee,Colgate,2.0,15.0,False,7.783578961552664,12.286770183974667,4.503191222422004,0.8748784744785604,0.8159565220500867,0.8050846553653233,-1.0871866684763476,True,26.24,4.6,21.64,0.9692622213814859,0.8050846553653233,0.8050846553653233,0.9692622213814859,-16.41775660161626,True,True,Tennessee,Tennessee,both_correct
2022,Loyola-Chicago,Ohio St,1260,1326,0,Ohio St,Loyola-Chicago,7.0,10.0,False,4.396376593283364,10.494704817709533,6.098328224426169,0.5339867805692082,0.6942112589819787,0.6669728099834243,-2.723844899855432,False,16.52,16.24,0.28000000000000114,0.5023405145653344,0.6669728099834243,0.33302719001657566,0.49765948543466565,-16.463229541809,False,False,Loyola-Chicago,Loyola-Chicago,both_incorrect
2017,UNC Wilmington,Virginia,1423,1438,0,Virginia,UNC Wilmington,5.0,12.0,False,-4.60712419552074,8.25035148074592,12.85747567626666,0.2764828447645308,0.2770385344952714,0.2902640068602771,1.3225472365005764,True,12.46,24.29,-11.829999999999998,0.1254403337892922,0.2902640068602771,0.7097359931397229,0.8745596662107078,-16.48236730709849,True,True,Virginia,Virginia,both_correct
2021,Illinois,Drexel,1228,1180,1,Illinois,Drexel,1.0,16.0,False,8.759059620171968,11.65343542409994,2.894375803927971,0.7926688648944457,0.8431616289457524,0.821295092802993,-2.1866536142759463,True,29.06,0.67,28.389999999999997,0.9894252219038214,0.821295092802993,0.821295092802993,0.9894252219038214,-16.813012910082847,True,True,Illinois,Illinois,both_correct
2019,Abilene Chr,Kentucky,1101,1246,0,Kentucky,Abilene Chr,2.0,15.0,False,-7.786949027958471,4.122519115598266,11.909468143556737,0.1631689911286884,0.1697318394420574,0.1852849246308002,1.5553085188742766,True,1.35,27.57,-26.22,0.013918595860674478,0.1852849246308002,0.8147150753691998,0.9860814041393255,-17.13663287701257,True,True,Kentucky,Kentucky,both_correct
2021,TX Southern,Michigan,1411,1276,0,Michigan,TX Southern,1.0,16.0,False,-8.291231894143579,1.0538056662432354,9.345037560386814,0.1895711954609173,0.156147761557157,0.1753900899081566,1.9242328350999536,True,-4.37,29.67,-34.04,0.003987762873012566,0.1753900899081566,0.8246099100918434,0.9960122371269874,-17.140232703514403,True,True,Michigan,Michigan,both_correct
2017,South Carolina,Marquette,1376,1266,1,South Carolina,Marquette,7.0,10.0,False,-0.2360265041376976,7.247215466964562,7.4832419711022595,0.551658129764757,0.4761492268120513,0.4836791219487477,0.7529895136696385,False,20.8,16.58,4.220000000000002,0.6557031517572836,0.4836791219487477,0.4836791219487477,0.6557031517572836,-17.202402980853588,False,True,Marquette,South Carolina,kenpom_only_correct
2019,Houston,Kentucky,1222,1246,0,Kentucky,Houston,2.0,3.0,False,1.2601152702740137,13.16958341383075,11.909468143556737,0.3885688638223034,0.5498736741152679,0.5305691336901769,-1.9304540425091,False,24.13,27.57,-3.4400000000000013,0.3566275846837609,0.5305691336901769,0.4694308663098231,0.6433724153162391,-17.394154900641603,False,True,Houston,Kentucky,kenpom_only_correct
2023,FL Atlantic,San Diego St,1194,1361,0,San Diego St,FL Atlantic,5.0,9.0,False,3.075667755605594,11.40271719075497,8.327049435149377,0.6463021786861831,0.6362006068654839,0.6267410922754378,-0.9459514590046014,False,19.38,20.34,-0.9600000000000009,0.4525344089836754,0.6267410922754378,0.37325890772456216,0.5474655910163246,-17.420668329176248,False,True,FL Atlantic,San Diego St,kenpom_only_correct
2018,Auburn,Clemson,1120,1155,0,Clemson,Auburn,5.0,4.0,True,1.106363225665575,9.48979814776537,8.383434922099795,0.6588307500624657,0.5423431068366111,0.5492163795401618,0.6873272703550648,False,18.69,21.65,-2.9599999999999973,0.37456301069120695,0.5492163795401618,0.4507836204598382,0.625436989308793,-17.46533688489548,False,True,Auburn,Clemson,kenpom_only_correct
2021,Kansas,USC,1242,1425,0,USC,Kansas,6.0,3.0,True,-2.2101237856019367,6.737222599131272,8.947346384733208,0.4716697273138452,0.3809412884596868,0.396309651385183,1.5368362925496204,True,19.98,27.58,-7.599999999999998,0.22091854662335078,0.396309651385183,0.6036903486148171,0.7790814533766492,-17.539110476183218,True,True,USC,USC,both_correct
2021,Tennessee,Oregon St,1397,1333,0,Oregon St,Tennessee,12.0,5.0,True,7.443651102972069,7.934715249812655,0.4910641468405856,0.9362316814103546,0.8056548470356459,0.8067823082836827,0.1127461248036754,False,19.95,16.4,3.5500000000000007,0.630939320667252,0.8067823082836827,0.1932176917163173,0.369060679332748,-17.58429876164307,False,False,Tennessee,Tennessee,both_incorrect
2023,Arkansas,Connecticut,1116,1163,0,Connecticut,Arkansas,4.0,8.0,False,-4.56839992662205,7.9966294793887585,12.565029406010808,0.4109533050810738,0.2785737252963331,0.3029560772727622,2.438235197642907,True,18.05,29.86,-11.809999999999999,0.1257942904622228,0.3029560772727622,0.6970439227272378,0.8742057095377772,-17.71617868105394,True,True,Connecticut,Connecticut,both_correct
2022,Montana St,Texas Tech,1286,1403,0,Texas Tech,Montana St,3.0,14.0,False,-7.054734728414999,4.671938586006945,11.726673314421944,0.1691460254584487,0.1911052829446724,0.2049038315214766,1.3798548576804182,True,2.94,25.64,-22.7,0.024284214817926367,0.2049038315214766,0.7950961684785234,0.9757157851820736,-18.06196167035502,True,True,Texas Tech,Texas Tech,both_correct
2022,New Mexico St,Arkansas,1308,1116,0,Arkansas,New Mexico St,4.0,12.0,False,-2.4894038070023043,5.55758633453955,8.046990141541855,0.3051981617764809,0.3680153966544294,0.3702370869075009,0.2221690253071562,True,10.61,19.46,-8.850000000000001,0.18820275484720936,0.3702370869075009,0.6297629130924991,0.8117972451527906,-18.203433206029153,True,True,Arkansas,Arkansas,both_correct
2019,N Kentucky,Texas Tech,1297,1403,0,Texas Tech,N Kentucky,3.0,14.0,False,-7.441456220307998,5.417194251168894,12.858650471476892,0.3222941910128099,0.1795705162470528,0.2069900536749921,2.7419537427939344,True,7.14,30.03,-22.89,0.02356929459959687,0.2069900536749921,0.7930099463250079,0.9764307054004031,-18.342075907539524,True,True,Texas Tech,Texas Tech,both_correct
2019,Liberty,Virginia Tech,1251,1439,0,Virginia Tech,Liberty,4.0,12.0,False,-4.589730241163579,7.5553356755311825,12.145065916694762,0.3519021827571742,0.2777274572358944,0.2974527910342484,1.9725333798354008,True,11.54,24.07,-12.530000000000001,0.1135804010199713,0.2974527910342484,0.7025472089657516,0.8864195989800288,-18.387239001427712,True,True,Virginia Tech,Virginia Tech,both_correct
2022,Tennessee,Longwood,1397,1255,1,Tennessee,Longwood,3.0,14.0,False,7.46734007875439,11.73902998686006,4.271689908105671,0.8120235012971335,0.806386713190211,0.7896006555324161,-1.678605765779495,True,25.1,2.22,22.880000000000003,0.9746880449542521,0.7896006555324161,0.7896006555324161,0.9746880449542521,-18.5087389421836,True,True,Tennessee,Tennessee,both_correct
2017,Notre Dame,Princeton,1323,1343,1,Notre Dame,Princeton,5.0,12.0,False,1.4993410388995,9.60165911492676,8.10231807602726,0.6532779990784089,0.5615440894393753,0.5647061828703528,0.3162093430977508,True,19.74,12.61,7.129999999999999,0.7527037287951168,0.5647061828703528,0.5647061828703528,0.7527037287951168,-18.799754592476404,True,True,Notre Dame,Notre Dame,both_correct
2018,Houston,Michigan,1222,1276,0,Michigan,Houston,3.0,6.0,False,0.8907117282331551,11.703373817672784,10.812662089439629,0.5262802346435674,0.5317488752899068,0.5279297264387314,-0.3819148851175402,False,20.24,24.2,-3.960000000000001,0.33764247360850314,0.5279297264387314,0.4720702735612686,0.6623575263914969,-19.02872528302283,False,True,Houston,Michigan,kenpom_only_correct
2017,Kansas,Purdue,1242,1345,1,Kansas,Purdue,1.0,4.0,False,-0.7366787435543785,11.670842767579842,12.40752151113422,0.5977070946186595,0.4515515262591171,0.4672789506575808,1.5727424398463696,False,27.45,23.12,4.329999999999998,0.6596933467078533,0.4672789506575808,0.4672789506575808,0.6596933467078533,-19.24143960502725,False,True,Purdue,Kansas,kenpom_only_correct
2019,Purdue,Old Dominion,1345,1330,1,Purdue,Old Dominion,3.0,14.0,False,6.973783251418952,10.984397609854229,4.0106143584352765,0.7964314523791635,0.7907040330377371,0.7741541583020518,-1.6549874735685255,True,26.81,5.45,21.36,0.9678892576447033,0.7741541583020518,0.7741541583020518,0.9678892576447033,-19.373509934265154,True,True,Purdue,Purdue,both_correct
2019,Villanova,Purdue,1437,1345,0,Purdue,Villanova,3.0,6.0,False,-2.957690017407971,8.026707592446257,10.984397609854229,0.4701622638237721,0.3467687522640822,0.3670085285199097,2.0239776255827513,True,17.33,26.81,-9.48,0.17318207812597286,0.3670085285199097,0.6329914714800903,0.8268179218740271,-19.382645039393687,True,True,Purdue,Purdue,both_correct
2018,Kansas,Penn,1242,1335,1,Kansas,Penn,1.0,16.0,False,6.685421136901143,11.374854269038297,4.689433132137154,0.7856986576231408,0.7811181539006576,0.7646501579374021,-1.6467995963255544,True,23.49,3.69,19.799999999999997,0.9590883508499316,0.7646501579374021,0.7646501579374021,0.9590883508499316,-19.44381929125295,True,True,Kansas,Kansas,both_correct
2017,ETSU,Florida,1190,1196,0,Florida,ETSU,4.0,13.0,False,-5.247419663663534,8.053635008899562,13.301054672563096,0.1759677749702132,0.2524249087368674,0.2587179059579557,0.6292997221088226,True,11.1,27.5,-16.4,0.06426949707207787,0.2587179059579557,0.7412820940420444,0.9357305029279221,-19.444840888587777,True,True,Florida,Florida,both_correct
2022,TCU,Seton Hall,1395,1371,1,TCU,Seton Hall,9.0,8.0,True,-1.300815621263908,4.502465892273065,5.803281513536973,0.4304265478008997,0.4241215246181176,0.429100011896245,0.4978487278127441,False,17.02,13.61,3.41,0.6256712823279704,0.429100011896245,0.429100011896245,0.6256712823279704,-19.65712704317254,False,True,Seton Hall,TCU,kenpom_only_correct
2019,Montana,Michigan,1285,1276,0,Michigan,Montana,2.0,15.0,False,-6.902933278851194,5.718077079495515,12.621010358346709,0.2550145091104102,0.195785164156924,0.2169008782726885,2.1115714115764463,True,3.53,28.32,-24.79,0.01746218755692287,0.2169008782726885,0.7830991217273116,0.9825378124430771,-19.943869071576557,True,True,Michigan,Michigan,both_correct
2018,UMBC,Kansas St,1420,1243,0,Kansas St,UMBC,9.0,16.0,False,-4.441125885294127,0.6228530910366317,5.063978976330759,0.1997211293964903,0.2836560041457622,0.2879885011195386,0.4332496973776412,True,0.5,14.77,-14.27,0.08826215466709121,0.2879885011195386,0.7120114988804613,0.9117378453329088,-19.972634645244746,True,True,Kansas St,Kansas St,both_correct
2023,Creighton,NC State,1166,1301,1,Creighton,NC State,6.0,11.0,False,2.43280635606547,8.952402439711065,6.519596083645595,0.4657973157016911,0.6063231451350902,0.5854082722873921,-2.0914872847698107,True,21.83,13.55,8.279999999999998,0.7855623942132807,0.5854082722873921,0.5854082722873921,0.7855623942132807,-20.015412192588855,True,True,Creighton,Creighton,both_correct
2018,NC Central,TX Southern,1300,1411,0,TX Southern,NC Central,16.0,16.0,False,-1.0458505755669163,-2.986862691685374,-1.9410121161184577,0.5184487376620911,0.4364712519450088,0.4473605169505829,1.0889265005574025,True,-13.41,-6.65,-6.76,0.245089722578789,0.4473605169505829,0.5526394830494171,0.754910277421211,-20.227079437179384,True,True,TX Southern,TX Southern,both_correct
2022,Illinois,Chattanooga,1228,1151,1,Illinois,Chattanooga,4.0,13.0,False,1.508474817922945,8.818853255429872,7.310378437506927,0.4933224955260237,0.5619884098751162,0.5503518126654867,-1.163659720962951,True,18.75,11.51,7.24,0.7559880943413481,0.5503518126654867,0.5503518126654867,0.7559880943413481,-20.563628167586135,True,True,Illinois,Illinois,both_correct
2022,Providence,Richmond,1344,1350,1,Providence,Richmond,4.0,12.0,False,0.575399369668105,4.8598121748911325,4.2844128052230275,0.5959520349087234,0.5162096287830247,0.5213138656686399,0.5104236885615232,True,15.89,9.45,6.440000000000001,0.7314332964306658,0.5213138656686399,0.5213138656686399,0.7314332964306658,-21.011943076202588,True,True,Providence,Providence,both_correct
2021,Arkansas,Baylor,1116,1124,0,Baylor,Arkansas,1.0,3.0,False,-4.085465881306945,9.618108260475296,13.70357414178224,0.5322539668444379,0.2981505748063653,0.3297902023958521,3.1639627589486796,True,21.56,33.87,-12.309999999999999,0.1171984849750905,0.3297902023958521,0.6702097976041479,0.8828015150249096,-21.259171742076166,True,True,Baylor,Baylor,both_correct
2019,Gonzaga,Texas Tech,1211,1403,0,Texas Tech,Gonzaga,3.0,1.0,True,8.493376091494923,21.352026562971815,12.858650471476892,0.8112364910986122,0.8360934754309965,0.8163448211653761,-1.974865426562045,False,32.85,30.03,2.8200000000000003,0.6031543313710711,0.8163448211653761,0.1836551788346239,0.3968456686289289,-21.319048979430498,False,False,Gonzaga,Gonzaga,both_incorrect
2021,BYU,UCLA,1140,1417,0,UCLA,BYU,11.0,6.0,True,3.8509144266856623,8.343520377219576,4.492605950533914,0.5968808548207608,0.6708648325289847,0.6519173042355156,-1.8947528293469016,False,21.12,22.43,-1.3099999999999987,0.438603801544817,0.6519173042355156,0.34808269576448436,0.561396198455183,-21.33135026906986,False,True,BYU,UCLA,kenpom_only_correct
2023,Xavier,Kennesaw,1462,1244,1,Xavier,Kennesaw,3.0,14.0,False,5.237670959756414,7.878783680634811,2.6411127208783967,0.7190563457694873,0.7283209923191499,0.7122553014902773,-1.606569082887266,True,19.95,4.04,15.91,0.9260666976959422,0.7122553014902773,0.7122553014902773,0.9260666976959422,-21.381139620566493,True,True,Xavier,Xavier,both_correct
2021,LSU,Michigan,1261,1276,0,Michigan,LSU,1.0,8.0,False,-2.271546194307348,7.073491366079466,9.345037560386814,0.4673798420532965,0.3780832461716776,0.3935096191847938,1.5426373013116168,True,20.35,29.67,-9.32,0.1769047307619496,0.3935096191847938,0.6064903808152062,0.8230952692380504,-21.66048884228442,True,True,Michigan,Michigan,both_correct
2018,Wright St,Tennessee,1460,1397,0,Tennessee,Wright St,3.0,14.0,False,-5.631627384263098,3.766383579800447,9.398010964063545,0.2909109379302663,0.2383694278061308,0.2578546050272063,1.948517722107554,True,2.89,22.27,-19.38,0.04076149209519982,0.2578546050272063,0.7421453949727936,0.9592385079048001,-21.70931129320065,True,True,Tennessee,Tennessee,both_correct
2018,Ohio St,S Dakota St,1326,1355,1,Ohio St,S Dakota St,5.0,12.0,False,2.802919199903201,9.365224002954378,6.562304803051177,0.7896636847425896,0.623637510857121,0.6314081975224736,0.7770686665352522,True,21.16,10.2,10.96,0.8494383101771734,0.6314081975224736,0.6314081975224736,0.8494383101771734,-21.803011265469983,True,True,Ohio St,Ohio St,both_correct
2021,Iona,Alabama,1233,1104,0,Alabama,Iona,2.0,15.0,False,-6.471520465265712,3.3902722825144593,9.861792747780171,0.3071112733872228,0.209556328796734,0.233421747423018,2.3865418626284023,True,-0.78,25.09,-25.87,0.014714202652047583,0.233421747423018,0.766578252576982,0.9852857973479524,-21.870754477097044,True,True,Alabama,Alabama,both_correct
2023,Gonzaga,Connecticut,1211,1163,0,Connecticut,Gonzaga,4.0,3.0,True,-0.5488322998777448,12.016197106133063,12.565029406010808,0.4550534971605048,0.4607594610156081,0.4620467637050364,0.1287302689428282,True,23.02,29.86,-6.84,0.24271261376822462,0.4620467637050364,0.5379532362949636,0.7572873862317754,-21.933414993681176,True,True,Connecticut,Connecticut,both_correct
2017,Purdue,Vermont,1345,1436,1,Purdue,Vermont,4.0,13.0,False,3.5030246518673067,12.40752151113422,8.904496859266914,0.5642996228105263,0.6555118198177088,0.635949451002989,-1.9562368814719733,True,23.12,11.67,11.450000000000001,0.8592596968741795,0.635949451002989,0.635949451002989,0.8592596968741795,-22.331024587119042,True,True,Purdue,Purdue,both_correct
2021,Utah St,Texas Tech,1429,1403,0,Texas Tech,Utah St,6.0,11.0,False,-0.1227311473183618,8.583762225442172,8.706493372760534,0.4463923772068883,0.4817359987495355,0.4788163058928451,-0.2919692856690359,True,15.34,21.81,-6.469999999999999,0.25383778353483133,0.4788163058928451,0.5211836941071549,0.7461622164651687,-22.497852235801375,True,True,Texas Tech,Texas Tech,both_correct
2021,Baylor,Houston,1124,1222,1,Baylor,Houston,1.0,2.0,False,-0.5328183788138148,13.70357414178224,14.236392520596056,0.4049017968103832,0.4615457684829471,0.4581039552009797,-0.3441813281967354,False,33.87,28.75,5.119999999999997,0.6876635219183651,0.4581039552009797,0.4581039552009797,0.6876635219183651,-22.95595667173854,False,True,Houston,Baylor,kenpom_only_correct
2023,Creighton,Princeton,1166,1343,1,Creighton,Princeton,6.0,15.0,False,4.141612968882001,8.952402439711065,4.810789470829064,0.6419773011745198,0.6834215630611183,0.6666070702504208,-1.681449281069758,True,21.83,8.04,13.79,0.8990027561529943,0.6666070702504208,0.6666070702504208,0.8990027561529943,-23.239568590257353,True,True,Creighton,Creighton,both_correct
2019,LSU,Yale,1261,1463,1,LSU,Yale,3.0,14.0,False,2.743425802829534,8.648209614543177,5.904783811713642,0.7629737835321112,0.6208742724064856,0.6258628569472448,0.4988584540759122,True,20.22,8.79,11.43,0.8588695348957319,0.6258628569472448,0.6258628569472448,0.8588695348957319,-23.300667794848717,True,True,LSU,LSU,both_correct
2017,Iowa St,Nevada,1235,1305,1,Iowa St,Nevada,5.0,12.0,False,2.359420325053023,10.41849330319701,8.059072978143988,0.6312135031672449,0.6028565408526314,0.5972136272118,-0.564291364083136,True,23.45,13.31,10.139999999999999,0.8317495846174996,0.5972136272118,0.5972136272118,0.8317495846174996,-23.453595740569956,True,True,Iowa St,Iowa St,both_correct
2019,N Dakota St,NC Central,1295,1300,1,N Dakota St,NC Central,16.0,16.0,False,1.2896897768240048,-1.036577827326667,-2.326267604150672,0.6131866841414151,0.5513196844844408,0.5523035205669162,0.0983836082475431,True,-3.2,-11.55,8.350000000000001,0.7874562541487139,0.5523035205669162,0.5523035205669162,0.7874562541487139,-23.515273358179765,True,True,N Dakota St,N Dakota St,both_correct
2021,Creighton,Ohio,1166,1325,1,Creighton,Ohio,5.0,13.0,False,2.1490173165337296,7.394533629203622,5.245516312669892,0.7041319761165977,0.5928612363962292,0.5960115135745881,0.3150277178358918,True,20.59,10.47,10.12,0.8312981319594931,0.5960115135745881,0.5960115135745881,0.8312981319594931,-23.528661838490493,True,True,Creighton,Creighton,both_correct
2019,Kentucky,Wofford,1246,1459,1,Kentucky,Wofford,2.0,7.0,False,0.002044767161891,11.909468143556737,11.907423376394846,0.6760499178308061,0.4878941288688702,0.5054623097408439,1.7568180871973704,True,27.57,20.69,6.879999999999999,0.7451295572967619,0.5054623097408439,0.5054623097408439,0.7451295572967619,-23.966724755591795,True,True,Kentucky,Kentucky,both_correct
2021,Grand Canyon,Iowa,1213,1234,0,Iowa,Grand Canyon,2.0,15.0,False,-5.110582740188931,5.588683561907956,10.699266302096888,0.4428369781727362,0.2575613822153037,0.286763254918017,2.920187270271329,True,8.32,26.87,-18.55,0.04632389341005271,0.286763254918017,0.713236745081983,0.9536761065899473,-24.04393615079643,True,True,Iowa,Iowa,both_correct
2018,Florida,St Bonaventure,1196,1382,1,Florida,St Bonaventure,6.0,11.0,False,0.8244297775331262,7.342796741735626,6.5183669642024995,0.562880999830672,0.5284864583726638,0.5285247902593894,0.0038331886725528,True,18.96,11.21,7.75,0.7708264312245552,0.5285247902593894,0.5285247902593894,0.7708264312245552,-24.23016409651658,True,True,Florida,Florida,both_correct
2017,MTSU,Butler,1292,1139,0,Butler,MTSU,4.0,12.0,False,0.6666006377429046,9.782286700926704,9.1156860631838,0.5072824282386417,0.5207087734237655,0.516964274441898,-0.3744498981867572,False,14.95,20.76,-5.810000000000002,0.27450124768320355,0.516964274441898,0.48303572555810204,0.7254987523167964,-24.246302675869437,False,True,MTSU,Butler,kenpom_only_correct
2023,Connecticut,St Mary's CA,1163,1388,1,Connecticut,St Mary's CA,4.0,5.0,False,1.7039180655038848,12.565029406010808,10.861111340506923,0.404996544506845,0.5714709721544147,0.5503410492626952,-2.1129922891719444,True,29.86,21.24,8.620000000000001,0.7946464838374342,0.5503410492626952,0.5503410492626952,0.7946464838374342,-24.430543457473895,True,True,Connecticut,Connecticut,both_correct
2023,Kansas St,Montana St,1243,1286,1,Kansas St,Montana St,3.0,14.0,False,3.3991795946745924,7.165113047819574,3.7659334531449815,0.650388747609725,0.6508634805310424,0.6395464344941001,-1.131704603694228,True,18.51,5.49,13.020000000000001,0.8871670409058589,0.6395464344941001,0.6395464344941001,0.8871670409058589,-24.762060641175875,True,True,Kansas St,Kansas St,both_correct
2017,Winthrop,Butler,1457,1139,0,Butler,Winthrop,4.0,13.0,False,-3.8169905501515857,5.298695513032214,9.1156860631838,0.2377564952384454,0.3093692348570737,0.3139399370360906,0.4570702179016894,True,4.53,20.76,-16.23,0.06593659492838186,0.3139399370360906,0.6860600629639094,0.9340634050716181,-24.80033421077087,True,True,Butler,Butler,both_correct
2023,Colgate,Texas,1159,1400,0,Texas,Colgate,2.0,15.0,False,-4.239263015831595,6.80200081364012,11.041263829471715,0.1759802136177039,0.2918304878589718,0.2919627913434401,0.0132303484468243,True,5.24,24.43,-19.189999999999998,0.04197548000424343,0.2919627913434401,0.7080372086565598,0.9580245199957566,-24.998731133919673,True,True,Texas,Texas,both_correct
2018,West Virginia,Murray St,1452,1293,1,West Virginia,Murray St,5.0,12.0,False,1.8964730469880775,10.630208345938016,8.733735298949938,0.6604574400435053,0.5807623876151158,0.5814811971661381,0.0718809551022325,True,22.44,12.19,10.250000000000002,0.8342153587373193,0.5814811971661381,0.5814811971661381,0.8342153587373193,-25.273416157118124,True,True,West Virginia,West Virginia,both_correct
2022,North Carolina,St Peter's,1314,1389,1,North Carolina,St Peter's,8.0,15.0,False,3.0420445776512537,6.556601442853179,3.514556865201925,0.7136624215032515,0.6346614930536056,0.6319917686161357,-0.2669724437469933,True,20.13,7.24,12.889999999999999,0.8850531895622404,0.6319917686161357,0.6319917686161357,0.8850531895622404,-25.306142094610472,True,True,North Carolina,North Carolina,both_correct
2019,Florida,Nevada,1196,1305,1,Florida,Nevada,10.0,7.0,True,-6.279437949281842,6.33208389713684,12.611521846418682,0.3205990183058065,0.215912643251609,0.2401875013124121,2.4274858060803095,False,18.3,18.18,0.120000000000001,0.4958955291278572,0.2401875013124121,0.2401875013124121,0.4958955291278572,-25.57080278154451,False,False,Nevada,Nevada,both_incorrect
2018,Texas Tech,SF Austin,1403,1372,1,Texas Tech,SF Austin,3.0,14.0,False,3.7296427992013297,10.382272922277764,6.652630123076435,0.8813814097778133,0.6655521500865489,0.6798959845691432,1.434383448259435,True,22.59,5.58,17.009999999999998,0.9373223897489904,0.6798959845691432,0.6798959845691432,0.9373223897489904,-25.742640517984718,True,True,Texas Tech,Texas Tech,both_correct
2018,Davidson,Kentucky,1172,1246,0,Kentucky,Davidson,5.0,12.0,False,0.981555680427392,8.81592769128352,7.834372010856128,0.5556539802139168,0.5362157800032348,0.5343365525737216,-0.1879227429513186,False,14.7,20.44,-5.740000000000002,0.2767531508640202,0.5343365525737216,0.4656634474262784,0.7232468491359798,-25.75834017097014,False,True,Davidson,Kentucky,kenpom_only_correct
2018,Michigan,Montana,1276,1285,1,Michigan,Montana,3.0,14.0,False,3.503640674334891,10.812662089439629,7.309021415104738,0.6116034802522045,0.6555393068299905,0.640054626699991,-1.5484680129999484,True,24.2,10.4,13.799999999999999,0.8991489606214074,0.640054626699991,0.640054626699991,0.8991489606214074,-25.909433392141633,True,True,Michigan,Michigan,both_correct
2023,UC Santa Barbara,Baylor,1364,1124,0,Baylor,UC Santa Barbara,3.0,14.0,False,-3.337064108109516,4.741033380142369,8.078097488251885,0.4549854798309439,0.3299885303185293,0.3512959513019548,2.130742098342547,True,5.68,19.68,-14.0,0.09182631819212446,0.3512959513019548,0.6487040486980452,0.9081736818078755,-25.94696331098303,True,True,Baylor,Baylor,both_correct
2023,Kent,Indiana,1245,1231,0,Indiana,Kent,4.0,13.0,False,0.8983711182774528,8.394601219064242,7.496230100786789,0.5947074541493903,0.5321257031445994,0.5345111782020724,0.2385475057472996,False,11.2,17.03,-5.830000000000002,0.27385994294611876,0.5345111782020724,0.4654888217979276,0.7261400570538812,-26.065123525595357,False,True,Kent,Indiana,kenpom_only_correct
2017,Baylor,New Mexico St,1124,1308,1,Baylor,New Mexico St,3.0,14.0,False,4.176955211329357,10.386916679675409,6.209961468346052,0.6607382667715296,0.6849305683128712,0.6695604188381115,-1.5370149474759789,True,24.23,7.89,16.34,0.930672620744408,0.6695604188381115,0.6695604188381115,0.930672620744408,-26.11122019062966,True,True,Baylor,Baylor,both_correct
2023,Marquette,Vermont,1266,1436,1,Marquette,Vermont,2.0,15.0,False,3.7940262185160663,9.200445238218265,5.406419019702199,0.7353884387574812,0.6683780014163372,0.6626237374458637,-0.5754263970473517,True,22.38,5.33,17.049999999999997,0.9376999678978319,0.6626237374458637,0.6626237374458637,0.9376999678978319,-27.507623045196826,True,True,Marquette,Marquette,both_correct
2019,Belmont,Maryland,1125,1268,0,Maryland,Belmont,6.0,11.0,False,2.212063289495944,9.585637610855386,7.373574321359442,0.4042233671459406,0.5958647491570992,0.5709709507987919,-2.4893798358307295,False,14.09,19.29,-5.199999999999999,0.29450247590134027,0.5709709507987919,0.4290290492012081,0.7054975240986597,-27.646847489745163,False,True,Belmont,Maryland,kenpom_only_correct
2019,Oregon,UC Irvine,1332,1414,1,Oregon,UC Irvine,12.0,13.0,False,0.3431298246001262,7.689066581856082,7.345936757255956,0.6824220846349293,0.5047411218937066,0.5202179380209944,1.5476816127287796,True,17.86,9.16,8.7,0.7967419616774482,0.5202179380209944,0.5202179380209944,0.7967419616774482,-27.65240236564538,True,True,Oregon,Oregon,both_correct
2019,Northeastern,Kansas,1318,1242,0,Kansas,Northeastern,4.0,13.0,False,-2.2467800676538587,5.504509607718134,7.751289675371993,0.2198723286536757,0.3792346308776516,0.3702381715916121,-0.8996459286039427,True,7.59,21.57,-13.98,0.09209541382273187,0.3702381715916121,0.6297618284083879,0.9079045861772681,-27.81427577688802,True,True,Kansas,Kansas,both_correct
2023,Drake,Miami FL,1179,1274,0,Miami FL,Drake,5.0,12.0,False,1.5024053849040229,8.140733212715688,6.638327827811665,0.4674635384674985,0.561693168190863,0.5477831757529475,-1.3909992437915464,False,11.9,17.94,-6.040000000000001,0.2671828734869637,0.5477831757529475,0.45221682424705245,0.7328171265130363,-28.060030226598386,False,True,Drake,Miami FL,kenpom_only_correct
2018,Kentucky,Buffalo,1246,1138,1,Kentucky,Buffalo,5.0,13.0,False,0.6663506386102389,7.834372010856128,7.168021372245889,0.5348379667884439,0.5206964447127108,0.5194476252086276,-0.1248819504083176,True,20.44,11.53,8.910000000000002,0.8021666413419867,0.5194476252086276,0.5194476252086276,0.8021666413419867,-28.271901613335903,True,True,Kentucky,Kentucky,both_correct
2021,Creighton,UC Santa Barbara,1166,1364,1,Creighton,UC Santa Barbara,5.0,12.0,False,-0.56747441289383,7.394533629203622,7.962008042097452,0.414655847948825,0.4598443516026422,0.4575863052708266,-0.2258046331815588,False,20.59,13.63,6.959999999999999,0.7475698081037944,0.4575863052708266,0.4575863052708266,0.7475698081037944,-28.998350283296777,False,True,UC Santa Barbara,Creighton,kenpom_only_correct
2021,Kansas,E Washington,1242,1186,1,Kansas,E Washington,3.0,14.0,False,1.3758984942152068,6.737222599131272,5.361324104916065,0.7405328292584904,0.5555297228952069,0.568913134513899,1.3383411618692165,True,19.98,8.19,11.790000000000001,0.8657553098478279,0.568913134513899,0.568913134513899,0.8657553098478279,-29.684217533392886,True,True,Kansas,Kansas,both_correct
2018,New Mexico St,Clemson,1308,1155,0,Clemson,New Mexico St,5.0,12.0,False,0.0317674402980969,8.415202362397892,8.383434922099795,0.5094776937827183,0.4893616595745972,0.4909175279592515,0.1555868384654324,True,12.92,21.65,-8.729999999999999,0.19117467165034274,0.4909175279592515,0.5090824720407485,0.8088253283496573,-29.974285630890872,True,True,Clemson,Clemson,both_correct
2023,San Diego St,Furman,1361,1202,1,San Diego St,Furman,5.0,13.0,False,1.5946742152556084,8.327049435149377,6.732375219893768,0.6389365633754006,0.5661766613622604,0.5671865007953953,0.1009839433134929,True,20.34,8.01,12.33,0.8755498565196959,0.5671865007953953,0.5671865007953953,0.8755498565196959,-30.836335572430052,True,True,San Diego St,San Diego St,both_correct
2019,Auburn,New Mexico St,1120,1308,1,Auburn,New Mexico St,5.0,12.0,False,1.0296523858295803,10.991788256424272,9.962135870594691,0.6563795670927669,0.5385784470217466,0.5458288577850033,0.725041076325672,True,25.0,13.62,11.38,0.8578901748608535,0.5458288577850033,0.5458288577850033,0.8578901748608535,-31.206131707585016,True,True,Auburn,Auburn,both_correct
2021,Morehead St,West Virginia,1287,1452,0,West Virginia,Morehead St,3.0,14.0,False,-2.5284972033513924,3.4101185208305225,5.938615724181915,0.3952531984173832,0.366220598875196,0.3771341689817029,1.0913570106506898,True,3.19,20.51,-17.32,0.05590993085419935,0.3771341689817029,0.6228658310182971,0.9440900691458006,-32.122423812750355,True,True,West Virginia,West Virginia,both_correct
2023,Iona,Connecticut,1233,1163,0,Connecticut,Iona,4.0,13.0,False,-2.6862131782838787,9.87881622772693,12.565029406010808,0.4162657416835091,0.3590178372396478,0.3728670639444191,1.384922670477129,True,11.35,29.86,-18.509999999999998,0.04660945874304979,0.3728670639444191,0.6271329360555808,0.9533905412569502,-32.625760520136936,True,True,Connecticut,Connecticut,both_correct
2019,Florida St,Murray St,1199,1293,1,Florida St,Murray St,4.0,12.0,False,-0.8452827206502747,9.085750514073254,9.931033234723529,0.5690842732077692,0.4462426173126214,0.4601621958553484,1.3919578542727018,False,22.39,13.83,8.56,0.7930643903214667,0.4601621958553484,0.4601621958553484,0.7930643903214667,-33.29021944661183,False,True,Murray St,Florida St,kenpom_only_correct
2019,Florida St,Vermont,1199,1436,1,Florida St,Vermont,4.0,13.0,False,1.3683908803102298,9.085750514073254,7.717359633763024,0.6102312719688131,0.5551633933001259,0.5552424122016812,0.0079018901555372,True,22.39,8.86,13.530000000000001,0.8951349080488196,0.5552424122016812,0.5552424122016812,0.8951349080488196,-33.98924958471383,True,True,Florida St,Florida St,both_correct
2023,Duke,Oral Roberts,1181,1331,1,Duke,Oral Roberts,5.0,12.0,False,-1.3539569139501992,8.854407488549953,10.208364402500152,0.4413799882993035,0.4215588837710247,0.4279338882250389,0.6375004454014233,False,19.35,11.65,7.700000000000001,0.7694001449516976,0.4279338882250389,0.4279338882250389,0.7694001449516976,-34.14662567266587,False,True,Oral Roberts,Duke,kenpom_only_correct
2022,S Dakota St,Providence,1355,1344,0,Providence,S Dakota St,4.0,13.0,False,3.8788879442332984,8.738700119124431,4.8598121748911325,0.4282381481283688,0.6720841861244877,0.6388721639069861,-3.3212022217501636,False,10.58,15.89,-5.3100000000000005,0.29083340432231447,0.6388721639069861,0.3611278360930139,0.7091665956776856,-34.80387595846717,False,True,S Dakota St,Providence,kenpom_only_correct
2021,North Texas,Villanova,1317,1437,0,Villanova,North Texas,5.0,13.0,False,-0.3495737405903867,6.643893323974893,6.99346706456528,0.6114906602982885,0.4705560178837225,0.4845489846872626,1.3992966803540063,True,11.76,23.02,-11.26,0.13586729615808615,0.4845489846872626,0.5154510153127374,0.8641327038419139,-34.86816885291765,True,True,Villanova,Villanova,both_correct
2023,Col Charleston,San Diego St,1158,1361,0,San Diego St,Col Charleston,5.0,12.0,False,1.279075844901456,9.606125280050833,8.327049435149377,0.5618197165256303,0.5508008273956996,0.5471194650953392,-0.3681362300360424,False,11.85,20.34,-8.49,0.197225692375649,0.5471194650953392,0.45288053490466085,0.802774307624351,-34.98937727196901,False,True,Col Charleston,San Diego St,kenpom_only_correct
2019,Texas Tech,Buffalo,1403,1138,1,Texas Tech,Buffalo,3.0,6.0,False,-0.046603435906503,12.858650471476892,12.905253907383395,0.4411216401657669,0.4854926286903159,0.4814775157701442,-0.4015112920171704,False,30.03,19.85,10.18,0.8326495979522514,0.4814775157701442,0.4814775157701442,0.8326495979522514,-35.11720821821071,False,True,Buffalo,Texas Tech,kenpom_only_correct
2021,Colgate,Arkansas,1159,1116,0,Arkansas,Colgate,3.0,14.0,False,-0.1257457357500886,9.492362524725207,9.618108260475296,0.4745393268031981,0.4815872792932735,0.4812498681973724,-0.033741109590113,True,9.25,21.56,-12.309999999999999,0.1171984849750905,0.4812498681973724,0.5187501318026275,0.8828015150249096,-36.405138322228204,True,True,Arkansas,Arkansas,both_correct
2022,Arkansas,Vermont,1116,1436,1,Arkansas,Vermont,4.0,13.0,False,-3.4814955223149724,8.046990141541855,11.528485663856827,0.6273835073929526,0.3237094556489842,0.3603615686849314,3.665211303594723,False,19.46,13.2,6.260000000000002,0.7256979060412176,0.3603615686849314,0.3603615686849314,0.7256979060412176,-36.53363373562863,False,True,Vermont,Arkansas,kenpom_only_correct
2022,Wisconsin,Colgate,1458,1159,1,Wisconsin,Colgate,3.0,14.0,False,-0.4680277900613987,5.37094612298678,5.838973913048179,0.6264861780079156,0.4647289966876065,0.4810921833205974,1.6363186632990856,False,15.34,4.41,10.93,0.8488190541494389,0.4810921833205974,0.4810921833205974,0.8488190541494389,-36.772687082884154,False,True,Colgate,Wisconsin,kenpom_only_correct
2021,UNC Greensboro,Florida St,1422,1199,0,Florida St,UNC Greensboro,4.0,13.0,False,-0.840137037661961,5.679477709144237,6.519614746806198,0.6216772841794759,0.4464938879003481,0.4652874924621365,1.8793604561788413,True,7.79,22.12,-14.330000000000002,0.08748727117269273,0.4652874924621365,0.5347125075378635,0.9125127288273073,-37.78002212894438,True,True,Florida St,Florida St,both_correct
2021,Drake,USC,1179,1425,0,USC,Drake,6.0,11.0,False,-0.4168686060183688,8.53047777871484,8.947346384733208,0.6560300016282897,0.4672445448037539,0.486107082691151,1.8862537887397113,True,14.27,27.58,-13.309999999999999,0.10152819261696022,0.486107082691151,0.513892917308849,0.8984718073830398,-38.45788900741908,True,True,USC,USC,both_correct
2021,Oklahoma St,Liberty,1329,1251,1,Oklahoma St,Liberty,4.0,13.0,False,-1.805527281243556,5.275751579235433,7.081278860478989,0.5854758293518868,0.3999659321769891,0.422515824111214,2.2549891934224906,False,18.95,8.6,10.35,0.8364317681635899,0.422515824111214,0.422515824111214,0.8364317681635899,-41.39159440523758,False,True,Liberty,Oklahoma St,kenpom_only_correct
2021,Winthrop,Villanova,1457,1437,0,Villanova,Winthrop,5.0,12.0,False,1.682002799330263,8.675469863895543,6.99346706456528,0.6306955665408785,0.5704101580620909,0.5699413653243457,-0.0468792737745249,False,8.48,23.02,-14.54,0.08482341027445621,0.5699413653243457,0.4300586346756543,0.9151765897255438,-48.51179550498895,False,True,Winthrop,Villanova,kenpom_only_correct
2021,UCLA,Abilene Chr,1417,1101,1,UCLA,Abilene Chr,11.0,14.0,False,-4.784183663093216,4.492605950533914,9.27678961362713,0.65683146917781,0.2700860467816806,0.314818614787784,4.473256800610343,False,22.43,10.11,12.32,0.8753741821598361,0.314818614787784,0.314818614787784,0.8753741821598361,-56.055556737205215,False,True,Abilene Chr,UCLA,kenpom_only_correct
